Discogs ID,Title,Artists,Genres,Styles,Year,Tracklist,Notes
268442,Fabric 01,Craig Richards,Electronic,"Dub, Acid, Deep House, Minimal, Tech House",2001,"At That Café (4:38)
Pirate's Life (4:37)
The Realist (4:19)
Mitt I Stan (3:04)
Montage (4:52)
Cozmoport (3:58)
Cologne (3:33)
Sinners (5:33)
Nightlife (4:30)
Bluntski (4:57)
Version 5 (4:38)
Altes Testament (6:32)
Dave (2001 Mix) (5:41)
Took From Me (4:57)
Purple Edge (4:50)
Mispent Years (2:53)",
54453,Fabric 02,Terry Francis,Electronic,"Deep House, Minimal, Tech House",2002,"Welcome (Welcapella) (0:59)
East (2:54)
Morph Cross (5:48)
R Change U (5:04)
Doing Shows (3:22)
Frostreet (3:35)
Red Leather (3:50)
Ode To Mad Marj (3:21)
Oyea (4:19)
Ooh Yi Yi (5:30)
D & D Gold (4:53)
Night Life (Asad's Silverlining Remix) (5:14)
Dancin' (3:34)
Lemon Pie (Dub) (3:20)
Deeper (BlakDoktor Mix) (7:23)
My Love (6:46)",
516847,Fabric 03,Jon Marsh,Electronic,House,2002,"Blue Royal (5:24)
G String Underbeard (5:23)
Change For Me (Akabu Dub) (6:06)
Mochico 3.5 (DJ Evil P Remix) (3:17)
Feel Up (6:24)
Damynatrybe (4:45)
Elektrik Dreamers (Deep C & Randall Jones Remix) (6:35)
Only You (4:56)
1-800 Ming (Rui Da Silva Remix) (10:23)
Calling All Dancers (5:56)
Pink Yo Black (Live In SW15 Mix) (5:10)
Time To Yourself (2:32)
Jest 4 Me (BHQ Vocal Dub 2) (6:21)",
99245,Fabric 04,Tony Humphries,Electronic,"House, Garage House",2002,"Lovebirds ()
Tafina ()
Canopy ()
Play Back (Jazztronik Remix) ()
If You Fall ()
Drive On (Demon Ritchie's Mix) ()
Late Night ()
I Can't (You Know) ()
I Miss You (Air-Knee's Jazz To Face Mix) ()
How Does It Feel ? (U.C. Vocal Mix) ()
Believe ()
Sunshine Yellow ()
Kingsburg ()
Brisa (Atjazz Remix) ()",
1105642,Fabric 05,Pure Science,Electronic,Tech House,2002,"Time 2 Bump! (8:09)
United By House (5:20)
Can You Feel? (5:48)
Don't Hide (5:12)
I Want U...'Da Muzik' (6:21)
The Mind In Rhythm (Concentration Mix) (5:15)
Let's Go Back (Can't You Feel It?) (6:05)
Bompazee (Deal Me Da Rydim) (5:29)
Meez Philosophy (Feel It) (6:17)
It Is Innit? (5:22)
By The Pool ;) (5:40)
La Magica Del Sol (5:21)
Our Universe (Galaxy 1172 Outro) (3:39)",
133589,Fabric 06,Tyler Stadius,Electronic,"House, Deep House, Tech House",2002,"Legend Of The High Plains Drifter ()
Acid Soul ()
Look Behind Your Eyes ()
Release The Tension ()
Deep Architecture (Bass & Penn Remix) ()
Another Kind Of Dream ()
All The Swine ()
Allnight ()
Loud Kissin' (Asad Rizvi's Silverlining Smooch Mix) ()
Letting Go ()
Punch Up ()
King In My Empire ()",
389261,Fabric 07,Halo & Hipp-E,Electronic,"House, Tech House",2002,"Slow Swing ()
3 In Tha Mornin' (Swag's Version Dub) ()
Metroride (Ken & Sam's Racketride) ()
I'm Satisfied ()
Freakinought ()
Time (Doza's Lawnchair Generals Mix) ()
Chatter ()
Rugburns (Original Mix) ()
And I Know ()
Midnight (Original Mix) ()
Long Deep Decay ()
When I Fell In Love (Charles Webster Dub Mix) ()
Lakeshore Dr. ()
Body Flowers (Fluid System Mix) ()",
212216,Fabric 08,Radioactive Man,Electronic,"Breaks, Electro",2003,"Intro - The Funk: Discuss Further (1:17)
Visions (2 Lone Swordsmen Remix) (6:17)
Touch Me (Dub) (4:14)
Together In The Dark (3:52)
Honour (3:53)
In / Out (5:43)
Powercut (Rewired Remix) (5:09)
As We Do (5:06)
Die Macht (3:54)
Explode (4:43)
'ave That (5:28)
'ave That (Tim Wright Remix) (4:28)
Going Down (5:10)
Wake Up (Bolz Bol Electro World Remix) (5:34)
Rottenrow (3:38)
F**k Me On The Dance Floor (Accapella) (2:26)",
59967,Fabric 09,Slam,Electronic,"House, Techno, Tech House",2003,"Cannibals (3:59)
Style Dish (2:17)
Working Night (4:12)
Synchronicity (Spincycle Remix) (6:25)
Make Shape (16B Remix) (3:03)
Night Moves (4:58)
Infinity (3:36)
Seventeen (Slam Dub) (5:08)
Appendix D (3:18)
Soul (2:39)
Stolen (Selway Remix) (4:31)
D-Clash (Slam Mix) (4:31)
Contrast (1:26)
Serenity (3:00)
Steel (Marco Carola Remix) (4:44)
Riddles (Tom Hades Remix) (3:22)
Can't Stop (0:32)
Sonic Tools (3:06)
Inspiration (6:39)",
440256,Fabric 10,Doc Martin,Electronic,"Progressive House, House",2003,"Musical Prayer (1:56)
Boots And Pants (6:14)
On The Bridge (Larry Heard's After Dark Club Mix) (7:55)
Renix (5:17)
Second Wind (4:45)
The Shuttle (2:18)
""AU"" (3:20)
Ding Bling (Haris Electric Mix) (5:08)
I Think Of You (4:35)
Stucco Homes (Return Of The Ghost Mix) (5:02)
Just Us (4:36)
Highlights (4:05)
Bonus Beats (3:19)
If You Need Me (Blakkat's Street Party Mix) (6:39)
Son Of Stitt (3:48)",
297231,Fabric 11,Swayzak,Electronic,"House, Dub, Electro, Minimal, Electroclash, Sound Collage, Speech",2003,"Michael Jackson (2:09)
Freedom Engine (3:44)
White Cigarettes (4:50)
Skidoos (5:12)
Present Lover (3:38)
Hoping (Herbert Mix) (6:17)
What Does It Feel Like? (Röyksopp Return The Sun Mix) (5:48)
Push Push (Original Mix) (5:37)
Clap Slap ()
Me And Jill (4:48)
Losing My Edge (7:53)
Flat 55 (2:37)
Donna (5:03)
Orange Alert (DFA Remix) (5:28)
One Of Our Submarines (Salz Mix) (6:17)
Bars 1,2,3,4 (4:32)",
113534,Fabric 12,The Amalgamation Of Soundz,Electronic,"Leftfield, Deep House, Downtempo",2003,"Helicopter (2:46)
Hank's Transition (2:08)
Heart Noir (3:03)
Come To Me (3:59)
Htrs (Instrumental) (3:06)
Brown Sugar (3:00)
Pump Da Ball (4:04)
Meaning (The Amalgamation Of Soundz Rework) (4:21)
Papua New Guinea (Translation 3) (4:26)
Cuba Libre (2:11)
Chicken Bone Circuit (1:56)
Simply So (3:32)
Save Your Soul (5:10)
Are You Sure About That (5:01)
Systemizing (3:43)
Groove Control (4:41)
Summer Night (5:53)
Bey Un Bey (MKL Vs SoySos Remix) (6:14)",
60590,Fabric 13,Michael Mayer,Electronic,"House, Tech House",2003,"I Think About You (Geiger Mix) (5:01)
Bring Me Closer (6:22)
Oldschool, Baby (Piano Mix) (5:05)
In The Air (Further's Acid Relapse Edit) (7:53)
Killerteppich (4:34)
Busted (4:10)
Easy Lee (7:15)
Abendstern (6:36)
Mushroom (5:12)
Run Into Flowers (Jackson Remix) (5:03)
Really Real (5:19)
Love Me (5:39)
I Think About You (Original Mix) (4:45)",
31506,Fabric 14,Stacey Pullen,Electronic,"House, Techno, Tech House",2004,"Spacey Bongo (6:10)
I Got It (4:50)
The DJ's Calling (4:24)
Roll Call (Asad Rivsi's Silverlining Mix) (4:43)
Get It Back (5:26)
Beatz In Peacez 03 (5:26)
Slips (4:58)
Saxaphobia (3:50)
Music People (6:29)
3rd Eye (6:29)
Hold On (4:54)
The Drum (4:51)
Catch 2 (5:19)
Flookin' (6:08)",
345177,Fabric 15: Tyrant,Craig Richards,Electronic,"Dub, Electro, Minimal, Tech House",2004,"Six Of One (Part One) ()
Other Planets ()
Vibes ()
W.U.O. (Eight Miles High Mix) ()
River ()
Face The Flames ()
Charlie's On The Dancefloor ()
Expander ()
Elastobabe (Soul Capsule Mix) ()
Orange Mistake ()
You'll Never Come Back (Ricardo Villalobos Remix) ()
Athan Dance ()
Dreipunkter ()
Pensum ()
The Trick ()
Luckycharm ()
Words ()
Muchmo ()
Nice Daze ()
Food And Fuel ()
The Minimum Of Life ()
Frequent Flyer Lounge Song ()
Systematic ()
Rock, Computer ()
Put Your Arms Around Me (Breath Mix) ()
Undercover ()
Programming ()
Dada ()
Programme Sequence ()
Totentanz ()
Hustlin' ()
On That Tip ()
Smoking That Edge ()
Chromozoid Fly ()
Knifflige Fragen ()
Silence Is Defeat ()
Whip ()",
150385,Fabric 16,Eddie Richards,Electronic,"House, Tech House",2004,"Loosely Joined (4:01)
Be Still (4:25)
Vegas Nights (Audio Soul Project Rerub) (5:21)
Scorpio (6:11)
I Believe (MastikSoul Remix) (5:45)
High As Can Be (Gideon's Dredtek's Get Up Mix) (5:04)
Shwing (6:23)
11th & Broadway (5:53)
Push Me (6:16)
Plural (5:16)
Fathernature (6:09)
Steppin' Out (Tunnel Mix) (6:10)
Do U Know House? (4:07)
Butterfly Lips  (2:45)",
533929,Fabric 17,Akufen,Electronic,"Leftfield, Techno, IDM, Minimal, Cha-Cha, Latin",2004,"LFO Drive (4:14)
Dog Days (Pantytec Remix) (2:14)
Karashik (1:27)
1968 (Ark Remix) (2:44)
Alabaster (4:40)
Set Me Free (1:20)
Little Tiny 1/8"" Jack (2:48)
Smoke On The Water (3:54)
Blood Red (Lyin' Beats) (1:24)
Bobb (4:16)
Red Fibreglass (5:32)
M'Gell (1:53)
Close To Me (5:17)
Instrument (Soul Capsule On It Remix) (3:06)
Ample Slacks (3:50)
Bucolik (4:22)
Yaki Soba (2:59)
Funky Sterling (5:26)
Siamese Twins (Mike Shannon's Incision Mix) (4:24)
In My Life (2:36)
My Old Lady (4:51)",
1661167,Fabric 18,"Baby Mammoth, Beige, The Solid Doctor",Electronic,"Trip Hop, Future Jazz, Downtempo",2004,"Elephunk (7:08)
Blind Date (5:39)
Finale (Nickodemus & Osiris Remix) (5:53)
Bewilder (4:35)
Shut Up (4:57)
Boy With A Comb (4:11)
Bottle Back (5:54)
Sizzling Finch (5:37)
Did You Piss On My Guitar (4:52)
Bullshit (4:55)
Stick It In T'Middle (4:57)
Spansules (7:23)
Pigeon's G-Spot (3:13)",
536895,Fabric 19,Andrew Weatherall,Electronic,"House, Electro, Tech House, Acid",2004,"I Need A Freak (5:21)
Freak-A-Holic (3:01)
M/S Langåra (Syntax Erik Mix) (5:15)
Time Out (Acid Dub) (6:14)
Don't Hide It (Alexkid's Vocal) (5:41)
She Hit My Head (4:05)
Dunufus (3:36)
Everyday Of My Life (Martin Landsky Remix) (3:25)
Robot Dance (4:08)
That Kid (Hate Mix) (5:05)
Second Skin (4:12)
Brother Mole (John Tejada Mix) (4:54)
Timing, Forget The Timing (Kerrier District Mix) (4:30)
Bloody Hell (4:18)
Dexter (2 Lone Swordsmen Mix) (5:29)
Atmosphere (4:23)",
60599,Fabric 20,John Digweed,Electronic,"House, Progressive House",2005,"Strive To Live (16B Mix) (6:53)
Traber (2:55)
Forgive & Forget (Richard Davis Remix) (4:35)
True Science (4:35)
Won't Bother Me (20:20 Soundsystem Instrumental) (3:43)
In The Dark (6:49)
Venom (2:48)
Rocking Music (Martin Solveig Dub) (4:35)
Lie To Me (FreestyleMan Thirsty Monk Dub) (5:06)
Knob Job (3:34)
Better World (Wink Interpretation) (6:45)
Happiness (Michael Mayer Mix) (6:34)
Emico (5:14)
Vertigo (Goldtrix Remix) (6:47)",
138835,Fabric 21,DJ Heather,Electronic,House,2005,"Good People ()
I Got Your Love ()
Ze Theme ()
Release ()
Jump To Tha' Funk ()
Back To The Program ()
Bumpin The BQE (2-Utes Massive Mix) ()
Just Like Heaven ()
Steppin' Out (Member's Only Mix) ()
Byrdman's Revenge ()
Antonio's Groove ()
Snow Day (JT Donaldson Remix) ()
Puffin Stuff (JT's Flashback Rework) ()
Feel Alright (Dub Mix) ()
Acid Jack (Original Mix) ()
Brazilian Soul (The Jazzy Joint Mix) ()
Memories ()
Cat's Eyes ()",
60537,Fabric 22,Adam Beyer,Electronic,"Minimal, Minimal Techno, Techno",2005,"This World (Wighnomy Brothers & Robag Wruhme Remix) (3:29)
A Walk In The Park (Wink's Run Through The Park Interpretation) (3:12)
Las Bicicletas Son Para El Verano (1:12)
System (Alkaloid Docking Station Mix) (1:55)
Die Rotbauchunken Vom Tegernsee (6:05)
In Gear (2:24)
Snuff & Noise (Part 2) (4:38)
Persuaded (2:46)
Naxos B (3:58)
Snuff & Noise A (5:10)
Serton (2:31)
Slowburn (5:09)
Demented (Sontec Remix) (1:50)
Progress (Subway Baby Remix) (2:17)
Panic Voice (4:18)
Spice (2:27)
Completed (2:51)
Motions Of Energy (4:32)
Redemption (4:47)
She's The One (Circles In Time Remix) (8:30)",
34959,Fabric 23,Ivan Smagghe,Electronic,"Techno, Electro",2005,"Ride (Der Schmeisser Lovelysplinterremix) (6:16)
Your Place Or Mine (4:52)
Frau (Pandullo Vs Und Mix) (3:17)
Vertigo Vs Cha! (Ada Remix) (5:48)
U Can't Escape (4:56)
Heiden (6:41)
Blood (Acapella) ()
The Geklöppel Continues (3:48)
Snake Tartare (2:50)
No Wow (5:29)
Jefferson & Braeside (5:25)
Tear Up (6:14)
Just F***ing (Roman Flügel's ""23 Positions In A One-Night Stand"" Mix) (5:48)
Carnage, OK! (6:01)
Budapest (Joakim Italo Dub) (5:04)",
37320,Fabric 24,Rob Da Bank,"Electronic, Rock","Acid House, Indie Rock, House, Broken Beat, Techno, Synth-pop, Minimal",2005,"Balkan Hot Step (5:52)
Preacher Man (2:02)
Wanna Get Wet (4:30)
Lovefood (3:04)
Dinamo (5:49)
Leuchtturm (Wighnomy's Polarzipper Remix) (3:35)
The Sky Was Pink (James Holden Remix) (5:22)
Spastik (3:29)
Hounds Of Love (Phones' Wolf At The Door Remix) (4:31)
A Walk In The Dark (3:06)
Single Again (3:36)
Bleach (Illegally Club Mixed) (1:47)
Roger Milla (6:41)
Heizkissen (4:27)
Poney Part 1 (3:53)
Can You Feel It (4:18)
(silence) (0:04)
One More... ()
Your Love (6:45)",
9319,Fabric 25,Carl Craig,Electronic,"House, Techno, Tribal House",2005,"Wait (The Whisper Song) (2:29)
Angel (Caya Dub) (3:50)
Sweat (4:34)
Bar A Thym (5:42)
Love2Love (Phlash Edit) (3:33)
Jubita (Stereotyp Remix) (4:27)
The Journey (Journey Beats) (2:17)
Imbalaye (2:17)
Most Precious Love (DF Future 3000 Instrumental) (5:46)
The Panther (Rubber Re-edit) (4:33)
3rd Movement (4:03)
Good God (5:12)
Alive (4:25)
Limit (4:40)
Energize (4:46)
Crushing (2:12)
Darkness (Max Mix) (4:34)
Blade Dancer (Dixon Edit) (3:45)",
16364,Fabric 26,Global Communication,"Electronic, Hip Hop","House, Broken Beat, Downtempo, Hip Hop",2006,"Intro (0:22)
No Child Of God (Instrumental) (3:22)
Starz (2:34)
Serene Vision (2:54)
I'm Glad.. (3:26)
Arc Light (Version One) (3:28)
Lightly Anxious (2:41)
The Octopus (Intergalactic Starfighter) (3:12)
Now U Know (2:31)
Sunshine F*ck Part 1 (6:12)
Too (4:28)
86 (Verbs) (2:37)
Rumours (3:16)
Aura (3:01)
Flookin' (4:32)
Vision 2 Vision (1:58)
The Way It's Meant To Be (4:04)
Living Inside (2:16)
Robots³ (2:16)
Sweet Music (3:20)
Otaku (4:51)
Margherita (5:51)",
71792,Fabric 27,"Matthew Dear, Audion",Electronic,"Techno, Minimal",2006,"Off First (3:49)
Mosquito Morpher ()
Ketamine Christmas (2:48)
Wortkabular (Luciano Remix) (2:24)
Body Control (2:22)
How Low Can You Go (4:01)
Saks ()
I Was A Robot (Jean F. Cochois' Timewriter Remix) ()
Keep Us Away (3:10)
Tacky Wakeup (1:57)
Come With Me (Jon Gaiser Remix) (2:48)
Deep Throat (2:18)
Waterbomb (2:06)
A Rhino In A Glass Shop (4:11)
Equidistant (4:09)
Fudgebuster Beat ()
Thank You ()
Just A Man (5:45)
Nothing ()
Battlestar (6:35)
Rej (3:00)
Blackclap (3:25)
Chromosul (5:20)
Ciboulette (Luciano Remix) (7:15)
Off Third ()",
60470,Fabric 28,Wiggle (3),Electronic,"House, Tech House",2006,"Brovas Darkness ()
Some Bizarre ()
Martian Keg Party ()
Club Therapy ()
Love Dose ()
Gettin’ Lifted ()
Travelling (John Ciafone Remix) ()
Hydroponic ()
No Need To See ()
Everybody (Nathan Coles Remix) ()
Freakin' ()
Say Something ()
Release ()
Punch Up (Wozsonik Vokz Mix) ()
Change ()
The Cure & The Cause (Dennis Ferrer Remix) ()
Her Boyfriend Was The DJ (Bushy Remix) ()
Dream 17 (Nathan Coles & Dave Coker Love Your Feel Mix) ()",
36319,Fabric 29,Tiefschwarz,Electronic,"House, Electro, Minimal",2006,"Grace (Anxiety) (5:59)
Who's Afraid Of Detroit? (5:43)
Damage (M.A.N.D.Y. Remix) (6:22)
Extruder (Maetrik Remix) (4:27)
Bassic (5:27)
Rotor (5:40)
Rondell (5:06)
A.A.K.N.Y. (2:49)
Hey (6:19)
Amazon (4:17)
Freefall (4:25)
John The Revelator (Tiefschwarz Dub) (6:48)
The Hammer Of Thor (5:52)
Beetles And Spider (Roman Flügel Remix) (3:40)",
112306,Fabric 30,Rub N Tug,Electronic,"House, Disco, Techno, Deep House, Electro, Minimal",2006,"Intro (0:15)
7 Deadly Strokes (3:45)
What Else Is There? (The Emperor Machine Vocal Version) (2:08)
Evening Standard (3:52)
Let's Get Busy (5:45)
Turkish Tavern (4:17)
Shemale (Black Strobe Remix) (2:31)
Atto D'Amore (Dub Version) (6:41)
Dragon (Shit Robot 'Fire Breathing' Remix) (5:08)
Lonely Child (Satoshi Tomiie 3D Remix Dub) (5:22)
No Exit (4:35)
Come A Little Closer (4:57)
L'Asteroide (Original Impact Mix) (3:40)
Blackmoon (2:50)
Discopolis (8:27)
Engoli (4:01)
Catch A Moment In Time (Ewan Pearson's Memory Blissed Remix) (5:15)",
26889,Fabric 31,Marco Carola,Electronic,"Techno, Minimal, Tech House",2006,"Io ()
Waj Rebbag (Alfa Romero Mix) ()
Sure Shot ()
You Got Good Ash (Gabriel Ananda Remix) ()
I Am...You! (Someone Else Remix) ()
Nakuta ()
Cilindro ()
Snowman ()
Cretine ()
Acidrop ()
Kicker ()
Onandon ()
Whenever ()
Pecan ()
Change ()
Newbe (Heartthrob’s Are U Gay Remix) ()
Escarabajos ()
Plunder ()",
310565,Fabric 32,Luke Slater,Electronic,"Techno, Minimal, House, Disco, Electro, Breaks",2007,"Rhythm Division (3:08)
For The Asking (2:59)
Transposition Reverse (2:32)
Hazui (Gui Boratto Remix) (4:37)
Ruhestörung Plattenbau (3:48)
Brain Freeze (3:54)
Doin' It (2:08)
A Bit Patchy (3:58)
Organ Bender (Alone At The Altar Of Twisted Souls Mix) (3:54)
She'z Satan (Instrumental) (2:39)
Sister Self Doubt (2:45)
Bump (Switch Remix) (1:33)
She Showed Me Heaven (3:52)
Here (Len's Podium Remix) (5:04)
Mouth To Mouth (4:31)
Love Is In The Air (Mock & Toof Remix) (3:55)
Strap (2:19)
Doctor Gato (Plus 4 Reasons) (2:29)
The Message (2:23)
Full Clip (2:14)
Phylyps Trak II/II (5:10)
GT (3:55)",
79844,Fabric 33,Ralph Lawson,Electronic,"House, Tech House, Acid House",2007,"Don't Be Lonely (An2 Remix) (4:44)
High (Llorca Remix) (4:02)
Polyfunny (2:19)
Transitions (4:50)
Anymore (Phonique Remix) (5:56)
Pause (6:08)
Shogun (Serge Santiago Remix) (4:51)
Radio (2020 Soundsystem Remix) (5:38)
Jigsaw (John Tejada Remix) (4:04)
The ""Right"" Wing (4:19)
Praise (5:43)
Everything's Electric ()
Drum Trax (Beats) (4:21)
15 Minutes (The Rapture HushHush Remix) (4:25)
Hot Gloves (Bakazou Mix) (4:53)
Advance (5:06)
Digitize (Emperor Machine Remix) (4:25)",
31921,Fabric 34,Ellen Allien,Electronic,"Techno, Acid House, Minimal",2007,"S1 (Don’t Believe The Chord-Pop Hype) (5:13)
The Sun Can’t Compare (Long Version) (5:27)
Driven (Original) (6:07)
Tú Y Yo (Peros Nos Volvemos A Levantar) (Pilas Remix) (2:23)
Orderly Kaos (5:01)
Sound Stealer (5:16)
It Is Not Now Either (4:15)
India In Me (Mix 2) (6:32)
Mutter (6:32)
Aaltovaihe (1:36)
Harrowdown Hill (Extended Mx) (7:01)
Just A Woman (3:10)
Journey (4:32)
Baby Kate (Plastikman Remix) (3:24)
Arcadia (4:00)",
113975,Fabric 35,Ewan Pearson,Electronic,"House, Tech House, Minimal",2007,"Ali McBills (Robert Johnson 6am X-Ray Italo Rework) (7:22)
Nimrod (Marc Houle Is A Nimrod Remix) (3:08)
Push In The Bush (2:46)
Honeymoon's Over (Konrad Black Mix) (6:14)
Tranquillité (4:27)
Bellhead (2:45)
Treat 'Em Mean, Keep 'Em Keen (Exercise  One, Remix #2) (5:06)
Trustlove (4:25)
Paspd (4:35)
Looking For God (5:34)
Plastik (4:17)
Can You Relate (3:58)
All For One (Tobi Neumann's Swinging Remix) (4:52)
Panopeeps (Origin) (5:15)
""Tides"" - C's Movement #1 (Carl Craig Remix) (8:49)
Berghain ()",
60496,Fabric 36,Ricardo Villalobos,Electronic,"House, Minimal",2007,"Groove 1880 (1:30)
Perc And Drums (3:22)
Moongomery (6:07)
Farenzer House (6:00)
M.Bassy (2:26)
Mecker (2:33)
4 Wheel Drive (Ricardo Villalobos' 4WD Remix) (5:30)
Fizpatrick (6:30)
Andruic & Japan (12:30)
Organic Tranceplant (1:00)
Prevorent (2:00)
Fumiyandric 2 (2:30)
Won't You Tell Me (6:15)
Primer Encuentro Latino-Americano (9:45)
Chropuspel Zündung (6:15)",
60517,Fabric 37,Steve Bug,Electronic,"House, Techno, Minimal",2007,"Anywhere You Are (4:13)
Consequence (1:32)
Voodoo (It's In The Wall) (2:56)
Trouble (D'Julz Remix) (3:18)
Lux Dementia (4:37)
Hang Around (Wahoo Main Mix) (3:31)
Inspire (Abicah Soul Remix) (1:32)
Belize (1:55)
Love Love Love Yeah (Chloe Remix) (2:54)
Can You See Thru My Eyes (3:00)
Juror No.9 (3:42)
Over The Influence (2:26)
Flow ""Westpoint"" (2:20)
Kubik (2:10)
Saviour (2:41)
My Soul (2:25)
Keep On (4:55)
Worked It Out (Charles Webster's First Remix) (5:34)
Faith N.Y. (2:33)
Monument (2:02)
Lost (4:36)
Red Doggy (5:06)",
93394,Fabric 38,M.A.N.D.Y.,Electronic,"Techno, Tech House, Minimal, Synth-pop",2008,"Intro: (0:31)
Bananas To The Beat (1:28)
Darkslide (2:59)
Mederico (2:21)
Karasu (Crowdpleaser Remix) (3:14)
Tipologia (Lucy Remix) (2:04)
Sicknote (2:00)
Idiosynkratik (3:52)
Magic M (4:52)
City Tales (Dub Mix) (2:40)
To The Top (Guy J Remix) (5:19)
I Feel Speed (Audion Remix) (2:17)
Chorizo (4:11)
Dopamin (2:01)
War Paint (Claude Vonstroke Remix) (3:19)
Spanish Kebab (4:51)
U Can Get Sonar (2:59)
Farm House (Deadset Dub Tool) (1:50)
The Dawn (Nass Remix) (3:12)
The Whisper Had It (Mark August Remix) (5:15)
Kisses (Kabuto & Koji Carnea Remix) (1:42)
Tunnels (Sebo K & Metro Remix) (3:43)
2 Fast 4 U (Julian Ganzer Remix) (2:41)
Bhalobashi (Sideshow Dub Mix) (1:50)
Don't Stop (0:37)",
18461,Fabric 39,Robert Hood,Electronic,"Tribal, Techno, Minimal, Tech House",2008,"Silicone Fingers (1:14)
Element 9 (2:19)
Who Taught You Math (1:37)
X-Factor (2:05)
Strobe Light (1:37)
Taboo (2:33)
Fever (Rephrased) (2:19)
Bust The Vibes (Real Disco Mix) (2:12)
Sand Dune (1:44)
Element 3 (2:05)
Mind Detergent (Robert Hood Remix) (1:24)
Skin Deep (1:09)
School (2:06)
Element 23 (1:51)
Mr. Funk (1:51)
Informant (1:34)
One Side (1:37)
All It Takes (1:37)
Mass (2:19)
Agent Wood (Adam Beyer Remix) (1:51)
Legalize! (2:12)
Element 7 (2:19)
Side Effect (4:24)
Drop The Filter (1:58)
New Energy (1:51)
Agent Wood (Original Mix) (3:15)
Still Here (Los Hermanos Remix) (2:33)
Magic (2:50)
The Greatest Dancer (3:41)
Exclamation (2:32)
And Then We Planned Our Escape (3:41)
Element 12 (1:07)",
50611,Fabric 40,Mark Farina,Electronic,"House, Tech House",2008,"Together (3:44)
Yellow Truth (Atnarko Mix) (3:32)
Why Not Rock? (4:06)
Lead The Way (3:01)
Gettin' Ready (3:16)
Where Ya At? (2:31)
Got This Feeling (LNS Disco Dub) (4:17)
Believe En Me (3:02)
The Blues Line (Tommy Largo Remix) (4:48)
Feel My Love (Bobby Valentine Remix) (4:02)
Stasera (3:17)
Last Word (4:02)
Closer (Oliver Desmet & Fred Everything Mix) (3:17)
Pick Up What I'm Putting Down (4:21)
There Goes The Neighbourhood (2:09)
Broke Acid (4:21)
Make Dat Shit (Derrick Carter Mix) (3:02)
Mumbler (3:02)
Brutality (3:17)
Das Shibuya (Cheeba Mix) (3:47)
Hoose Musik (3:13)",No master release;
1386494,Fabric 41,Luciano,Electronic,"House, Techno, Deep House, Tech House, Minimal",2008,"Slagare ()
El Baile (Acapella) ()
Yo Momo ()
Getting Late (Luciano's Getting Late Remix) ()
Be Tougher ()
Floppy ()
Mogane (Guillaume & The Coutu Dumonts Remix) ()
Orbitalife ()
Jungle Beatz ()
In Church ()
Good Love (Luciano's Good Love Remix) ()
Rise From Your Grave (Tiefschwarz Remix) ()
Albertino ()
Just So You Know ()
You Are... (Original Mix) ()
Arabesque ()",
37331,Fabric 42,Ame,Electronic,"House, Techno, Minimal",2008,"Hear The Sun (3:18)
Untitled B1 (3:37)
That's A Nice Way To Give Me Feedback (Wighnomy Brothers Quintenzirkel Remikks) (6:03)
Modmodblubblub (3:14)
Moondog Monologue ()
Berlin Dub (3:54)
Don't Take It (Thomos Edit) (5:38)
Something Is Raw (3:53)
Raw Structure (4:19)
An American Poem ()
Six Ten (4:37)
D.P.O.M.B (Version 1) (4:54)
We Said Nothing (5:33)
The Symphony (7:58)
M.A.M. (Marcel Dettmann Remix) (6:58)
Australiapella 2 ()
Loop (Fuse Mix) (7:59)",
263491,Fabric 43,Metro Area,Electronic,"Italo-Disco, Disco, Electro, Synth-pop, House",2008,"Ghar Aya Mera Pardesi (Intro) (1:57)
Share The Night (Breakdown Mix) (3:14)
Work For Love (Dub Mix) (3:05)
Move To The Groove (Instrumental) (1:53)
You Should Have Known Better (Instrumental) (2:59)
Heavy Hitter (Dub Version) (2:47)
Makin' Music (Dub Mix) (4:26)
Souvenirs (3:13)
Why Leave Us Alone (Long Version) (2:42)
The Natives Are Restless (2:28)
I Can Feel It (2:21)
Baja (Instrumental Dub Version) (3:30)
Cloud Nine (Ready Mix) (2:20)
Set It Out (Funky Breakdown Mix) (2:59)
Penthouse And Pavement (4:10)
Blow (Remix) (2:41)
Swede's Scandal (3:11)
X-Rated Man (4:49)
Can't Stop (Acid Rainforest Mix) (2:45)
Feelings 2 (0:59)
Open Mind (Special Dance Mix) (3:12)
Poupée Flash (3:00)
Freedom Of Choice (3:23)",
122926,Fabric 44,John Tejada,Electronic,"Breakbeat, Techno, Minimal",2009,"Let's Do It (5:15)
Kamm (4:42)
Subharmonic Atoms (2:33)
Colorseries Olive B (5:13)
WAX10001 (3:04)
Cristal (3:12)
Phlogiston EP (3:12)
Downtown Hotel (1:46)
After School Special (4:11)
Equalized001 (2:21)
Benus Boats (1:50)
M Track 1 (3:42)
Fahrenheit 303 (5:38)
Torque (2:44)
Be Gene (3:17)
Forbidden Planet (4:58)
Relish (Shed Remix) (3:49)
Candy (5:20)
The Open (4:11)
Huba (Plaid's 15 Years Lost Remix) (2:54)",
106747,Fabric 45,Omar-S,Electronic,"House, Techno",2009,"Polycopter (Unreleased) (1:27)
Flying Gorgars (Unreleased) (3:29)
Strider's World (4:31)
Oasis Four (Unreleased Mix) (2:59)
Crusin Conant (Unreleased) (2:56)
U (Unreleased Mix) (5:13)
Oasis 13½ (Unreleased Mix) (4:55)
1 Out Of 853 Beats (Unreleased) (2:56)
Simple Than Sorry!! (4:05)
Psychotic Photosynthesis (7:43)
The Maker (5:09)
A Victim (3:17)
Oasis One (6:12)
Blade Runner (6:44)
Day (Unreleased Long Mix) (6:46)
Set It Out (3:51)",
73010,Fabric 46,Claude VonStroke,Electronic,"House, Techno, Deep House, Tech House, Electro, Minimal",2009,"Cry Baby ()
The Healer ()
The Greasy Beat (Tech-Funk Mix) ()
Trampen ()
Mes Yeux ()
Big Onion (Joakim Slap It On Remix) ()
Galaxius ()
Shake It ()
Downtime In The Hangar ()
After Eight ()
Free Entry For Girls (Robag Wruhme’s Drikki Bass Rixmi Im Partyhuhn Rework) ()
Just A Spoonful ()
Bla Bla Bla ()
Inside Ways (Boris Werner's Straight Out Of Bed Look Remix) ()
Immortal (Instrumental) ()
Pilsnerd ()
Dirty Dirty ()
Maceo ()
Silently ()
Symphonia (Orig. Version) ()
One Tooth Missing ()
Guppipeitsche ()
Espagnol ()
Running ()
SF ()
Kraft ()
One Weekend ()
Aundy ()",
257581,Fabric 47,Jay Haze,Electronic,"Techno, Tech House, Minimal",2009,"Intro ()
Awakening ()
An Hour To Fly ()
Phreaky MF (Mike Dunn's Original Phreak Mixx) ()
Confusion ()
Freedom (Jay Haze Main Mix) ()
Trapped In Dub ()
Dementia ()
Mellow Dee ()
Pimp My Saw ()
I Can't Forget (Fuckpony Discotech Dub) ()
Mars Or Bust ()
When The Revolution Comes ()
Soundscape ()
Ain't Going Out Like That ()
Work For Me ()
Conduction ()
Pimpin' Ain't Easy ()
Ancient Blessing ()
Burning ()
Something To Say ()",
232803,Fabric 48,Radio Slave,Electronic,"House, Deep House, Minimal, Tech House",2009,"Right At It (Michel Cleis Deeper Remix) (5:35)
DDB (4:50)
I Don’t Need A Cure For This (6:21)
My Time (Radio Slave’s Rekids Tribe Remix) (4:34)
Platter Sugar (3:49)
The Beginning (Michel Cleis Remix) (7:28)
Pain In The Ass (5:07)
Balada Redo (4:53)
Koma Koma (Steve Lawler Remix) (7:18)
My Heart (Daniel Sanchez Easy Noise Remix) (6:42)
La Mezcla (7:43)
Wan Poku Moro (5:07)
Maximum Overload (Roy's Death Wish Mix) (4:37)",
204922,Fabric 49,Magda,"Electronic, Stage & Screen","Techno, Electro, Minimal, Synth-pop, Disco, Soundtrack",2009,"Al Margini Della Follia (4:14)
Falls (Hercules & Love Affair Remix) ()
Voices ()
Non-Revival Alarm (5:12)
Mfnstmp ()
At The Gate (4:25)
Empörung (Original Mix) ()
It's Not Just Country Birds That Are Attracted (To The Blue Glass Bird Bath) ()
Mungo (Original) (4:33)
Draculan Love Attack ()
Buio Omega (Alternate) (4:25)
Moroder's Revenge ()
Luscofusco (3:46)
Deep Sea ()
Miss Pig ()
Chordy (4:33)
The Night's Rumours ()
Bad Fish (Magda Edit) (5:21)
Telescope ()
Guido (Original Mix) (4:46)
San Pellegrino ()
23:59 (3:18)
Saulitude ()
Profounding (4:55)
Heavy Whispers ()
101 Loop (4:33)
Aufschlag/Abschlag ()
Möbius Trip (2:57)
Blue ()
We Were... (3:44)
The Coming (Idjut Boys Version 2) ()
Beat Squared (4:44)
Tierbeobachtungen (Live Played By Anne Westphalen & Peter Lay) ()",
365208,Fabric 50,Martyn,"Electronic, Hip Hop","Dubstep, UK Garage, Techno, Deep House, Hip Hop",2010,"Joy Fantastic (4:02)
Drummin (Louis Bendetti Drumminpella) (1:45)
Bossa Boogie (3:13)
Lost On Tenori Street (2:12)
Rass Out (2:40)
Little Miss Naughty (1:44)
Afar (2:26)
Light Cycle (1:56)
The Clock (Ben Klock's Timepiece) (3:08)
We Control The Beat (2:39)
Circles (Martyn's Round & Round Mix) (3:38)
Brkln Clln (2:12)
Feeling You (2:19)
These Words (Roska's Speechless Mix) (2:54)
Oozi (3:24)
Without It (1:27)
Friedrichstrasse (2:56)
Air Raid (2:57)
Is This Insanity (Ben Klock Mix) (3:11)
Seventy Four (Redshape Mix) (3:57)
Slowjam (2:42)
Mercury's Rainbow (2:28)
Flashback (3:03)
Vancouver (2:50)
Rat Alert (2:09)
Trilingual Dance Sexperience (3:21)",
514620,Fabric 51,DJ T.,Electronic,"House, Deep House, Tech House, Minimal",2010,"Windshield Wiper Law (2:14)
I Just Wanna Be Your Disco Bitch (3:20)
Drown Dogs (2:53)
A Million Secrets (Salax Peep Show Remix) (5:06)
Ellelli (Kalabrese Remix) (2:51)
Give Me Pain (3:32)
Pata Pata (2:37)
Jesus Was A B-Boy (TJ Kong & Nuno Dos Santos Remix) (4:04)
Where Is It (Will Saul & Tam Cooper's Reloved Dub Mix) (3:26)
You Will Find Out (3:42)
Hungry For The Power (4:32)
Kobra Dance (2:52)
The Royal Pennekaums (Chocolettes Nervous Mix) (3:11)
I Get Deep (4:53)
Try To Understand (3:46)
Township Funk (Crazy P Mix) (4:43)
Milk & Honey (Basket Mix) (4:10)
Immune (4:25)
Broken Mirror (4:57)
Keep Me In My Plane (DJ Koze Hudson River Dub) (4:58)",
870974,Fabric 52,Optimo,"Electronic, Latin","House, Deep House, Tech House, New Wave, Acid House, Cumbia, Hi NRG, Synth-pop",2010,"Lady Shave (4:29)
Cosmorama (Prins Thomas Discomiks) (2:59)
Q1.1 (3:49)
YOGOTO (4:49)
Gunship (3:42)
Amigos Cómeme (4:12)
Jack Your Bodey House Your Mind (3:45)
Get It Down! (2:43)
Walk With Me (3:53)
Dreiklangsdimensionen (3:17)
La Konk Fiesta (3:04)
Feeline (1:06)
Shacalao (2:31)
Together Alone (3:39)
Spys (3:55)
Love Technique (2:45)
OAR003-B (3:57)
Don't Call (3:42)
Inflation (3:10)
Walter Neff (3:16)
Heartbit (3:13)
Heartbeat (4:17)",
270468,Fabric 53,Surgeon,"Electronic, Non-Music","Techno, Dubstep, Field Recording",2010,"Location Recording From Kuramae Subway Station, Tokyo, Japan (0:42)
Glance (0:25)
Bad Hands (Drums Only) (1:26)
Giro (Exium Remix) (2:38)
Forbidden (2:09)
Applied Generics A (2:52)
Agile Movement (2:09)
Bad Hands Part 2 (Drums Only) (1:55)
Superman (4:04)
X Speaks To X (Al Tourettes & Appleblim Remix) (2:23)
Black Star Ritual (Ben Sims Remix) (1:55)
Crab People (2:23)
Spectrum Falls (0:57)
Klonk Part 1 (Drums Only) (1:55)
Picture (1:26)
It Was Written In Vapour (1:26)
Hostage (1:55)
Stress Free (5:44)
Ancient Methods 4 B1 (2:23)
Compliance Momentum (2:23)
Tenzado (3:21)
Spacecraft (1:26)
Stars (Slugabed Did A Remix) (2:51)
Spindizzy (Luke Slater's L.B. Dub Corp Mix) (2:45)
The Crawling Frog Is Torn And Smiles (2:52)
Threshold (Substance Mix) (3:49)
Blip (0:57)
No Time Soon (2:38)
El Juan (3:49)
What (4:55)",
282277,Fabric 54,Damian Lazarus,Electronic,"House, Techno, Tech House",2010,"Metro Bunker (1:25)
Love Cry (4:20)
Void 23 (3:24)
Glob (Claude VonStroke Mix) (3:16)
Ping Pong (5:29)
Sleeping (Demo Version) (3:55)
Broke In The BX (2:21)
The Sheppard (3:24)
Break 4 Life (3:52)
Nervous Disid (2:47)
Freaks And Stars (2:50)
Vampire Nightclub (6:44)
Sing (5:53)
Every Cow Has A Bird (5:14)
Para(sol) (4:34)
Diamond In The Dark (dOP Remix) (4:18)
Yoyo (4:09)
Run (Ostern Jam) (2:53)
Magic Dance (4:12)
Program Ten (Part Five) (2:03)
Program Ten (Part Six) (2:15)",
293583,Fabric 55,Shackleton,Electronic,"Tribal House, Abstract, Techno, Dubstep",2010,"Come Up (4:45)
Moon Over Joseph's Burial (0:57)
Hypno Angel (2:51)
Visontele (2:22)
Interlude: Blood Rhythm With Wishy Drones (2:22)
Operatic Waves (2:22)
Closeness To Nature (2:51)
Negative Thoughts (3:13)
Death Is Not Final (2:58)
International Fires (4:34)
Paper (1:50)
Deadman (5:02)
Interlude: Point One, Sense It (1:24)
Man On A String (Part 1) (4:30)
Man On A String (Part 2) (6:10)
Ice (2:18)
Busted Spirit (4:34)
Bottles (5:57)
New Dawn (4:02)
Something Has Got To Give (0:55)
Massacre (5:02)
Stripped (3:29)",
310486,Fabric 56,Derrick Carter,Electronic,House,2011,"Jack Your Big Booty (Derrick's BHQ Acid Vocal / BHQ Bonus Of Beats) (3:03)
La La Land (Derrick Carter 'D's BHQ Business' Remix) ()
Church Lady (Tommy Davis & DJ Spen Bom Bom Bom Tool) ()
Love (Derrick's BHQ Remix) (6:06)
Respect Bonito (Justin Long Remix) (3:35)
Playin' Tricks (Hector Moralez Remix) (2:48)
8 Track (3:18)
First Love (3:35)
Pride (Johnny D Remix) (4:38)
Cosmid (5:05)
My Organ (5:51)
Testify To The Soul Provider (6:06)
Baby Keep It Up (Parental Advisory Edit) (4:38)
Percolator (Derrick Carter Bonus Mix) (3:18)
Harddrum (B-Boy Mix) (6:06)
Back On My BS (4:58)
La Gondola (4:42)
Bang Bang (2:17)
Moskowitz Remix (D's BHQ Re-Edit) (5:06)
Also Featured Throughout The Mix ()
La La Land (Derrick Carter 'D's BHQ Business' Remix) ()
Church Lady (Tommy Davis & DJ Spen Bom Bom Bom Tool) ()
Got A Soul ()",
2979940,Fabric 57,Agoria,"Electronic, Jazz, Funk / Soul","House, Techno, Free Jazz, Acid House, Deep House, Big Band, Soul",2011,"Ranges - Theme (3:53)
Real Things ()
Ein Lied Für Popol Vuh ()
Silent State (2:46)
Golden Day ()
Ole Remix (3:42)
Night And Day ()
Rhythm (2:45)
Deer & Fox (539.6 East Street dOP Remix) (2:09)
Treehouse (Lil Tony Remix) ()
Blue Snake (2:20)
Heart Beating (Argy Tension Remix) (2:49)
Horny Morning Loop (Drdunkskaoticmix) (3:12)
Unrestrained ()
Subspace Two (2:36)
Mercurial Attraction (3:31)
Speechless (Whisper Dub) (4:56)
Somebody Else's Idea ()
Speechless (Radio Slave Panorama Garage Remix Feat. Tom Gandey) (4:34)
Game One (2:47)
Cottam4 - Side A (2:18)
Belvide Beat (1:37)
Sunrise Sunset (4:31)
Blackmagic (Izmabad 118 Remix) (3:12)
Dominas (Carl Craig Mix) (4:11)
Dominas (Ruff Mix) ()
fabric 57 Puppets (3:58)
Night And Day (2:25)",
943301,Fabric 58 (The Nothing Special),Craig Richards,Electronic,"House, Tech House, Techno",2011,"Rico’s Helly (4:04)
Reprise (3:23)
Come Closer (Dub) (3:38)
The Sound (3:24)
Flying Saucers (2:48)
Black Burger (2:23)
My Testimony (3:36)
El Jem (3:05)
Expressions (4:22)
Magelonic (3:47)
Comeback Dust (3:20)
Leaving Ground (4:14)
Vamos A Otro Piso (3:37)
Room 201 (3:33)
Rare Education (4:05)
Kalimba (5:14)
Premiata (4:00)
Space (4:13)
Lotos Eaters (Neville Watson Remix) (4:58)
Los Gatos Lloros (4:09)",No master release;
3045420,Fabric 59,Jamie Jones,Electronic,"House, Synth-pop, Disco",2011,"Time Intro (0:28)
La Ritournelle (Metronomy Mix) (2:04)
Don’t Appear (Redux) (3:16)
Is This Something (Jones Fly Edit) (3:08)
DePalma (3:55)
You Can’t Touch Me (Murk Remix – Jones Fly Edit) (2:05)
God Sent (’10) (3:38)
Madame Hollywood (3:41)
Body Shiver (3:31)
Amoureux Solitaires (3:31)
Assimilation (4:36)
Open For Service (5:57)
Goblin City (Holy Ghost Mix) (7:53)
The Devil’s Dancers (3:13)
The Lows (2:39)
Get Up Disco (6:53)
Fear Of Numbers (5:12)",
448838,Fabric 60,Dave Clarke,Electronic,"Techno, Electro, Acid",2011,"Shiver (1:45)
Cnemidophorus Sexlineatus (The Mr. Pauli Monster Bass Guitar Remix) (4:09)
Armed 3 (4:22)
Dark N Lovely (Kenny Larkin Remix) (5:20)
I.D.F.D.F.I. (3:06)
Pride (6:09)
Silence Complot (4:39)
Sacrifice (Radical G - 2k11 Edit) (4:05)
Aufstand (5:12)
Time Falls (Dynarec Remix) (4:16)
Clarity (Lethal Agent Remix) (4:16)
We Rock Non-Stop (Heuristic Audio Remix) (4:14)
Destination Planet Earth (4:03)
Foreign Object (3:35)
Coolicon (2:40)
Alternate Sequence (5:50)
The Attic (5:30)",
465632,Fabric 61,Visionquest,Electronic,"Acid House, Techno, Deep House, Tech House, Minimal",2011,"Wasteland (3:18)
Portside Waves (4:48)
Hal 2010 (2:36)
In The Moon (2:18)
Doodimbouttogay (4:22)
The Sound Of Violence (Franco Cinelli Remix) (4:39)
Ekaterinburg (3:44)
Uneins (Aril Brikha Remix) (3:01)
I'm Free (Carl Craig Remix) (3:41)
Passion (DJ T. Remix) (5:42)
Winterflower (5:20)
Forest Fires (4:42)
Polyphonic Love (2:50)
Abduction (1:57)
Can't Buy Love (5:25)
Tale/Foot Break (2:56)
Heaven Felt Like Night (6:29)
Song With No Ending (1:59)",
1305912,Fabric 62,DJ Sneak,Electronic,"House, Techno, Tech House",2011,"Calcium ()
Got To Make It ()
Walking In My Blues ()
I'm Gonna Make You Mine (Joss Moog Μix) ()
Light It Up ()
No Turning Back ()
Crack Ass ()
Creampie (Darius Syrossian Remix) ()
Old School ()
In, Out, Life ()
My Love (Ramon Tapia Remix) ()
Special (Ramon Tapia Remix) ()
Cooper ()
Funk My Sax ()
Wait A Minute ()
Take A Trip ()
To The Music (Tato Remix) ()
Beware Of The Swingers ()",
457173,Fabric 63,Levon Vincent,Electronic,"House, Techno, Deep House",2012,"Earth Calls ()
Blaze (Do Dah Dab Mix) ()
Intrinsic Motivation ()
Stereo Systems ()
Polar Bear ()
Times Like This ()
Fear ()
Double-Jointed Sex Freak II ()
Hydrine ()
Tyson ()
The End ()
Blacklight ()
Early Reflections ()
Rainstorm II ()
Far Away (Atmospheric Pass) ()",
465641,Fabric 64,Guy Gerber,Electronic,"Tech House, Progressive House, Deep House",2012,"Store-House Consciousness (4:43)
The Golden Sun And The Silver Moon (5:30)
Shady Triangle (3:40)
The Naked Hairdresser (2:21)
Ribbons Turn To Chains (5:14)
The Rhythm (2:01)
A Blade Through My Piano (5:34)
One Day In May (7:38)
Howling Moon (3:08)
Running Through The Night (5:09)
Lady Falkor (7:40)
The Money Shot (0:55)
Moon Blur (7:16)
My Medicine (5:30)
Human Raft (1:24)
Just Wanna See You Happy (3:40)",
465633,Fabric 65,Matthias Tanzmann,Electronic,"House, Tech House",2012,"Venus ()
One Trick Pony ()
Sources From The Past ()
Not Listening ()
Konoa ()
The Question ()
Do Somebody ()
Butt ()
Right On, Right On (Matthias Tanzmann Remix) ()
In The Toilette (Philip Bader Remix) ()
Everything ()
MFD 1.3 ()
Rain Come Down ()",
595671,Fabric 66,Ben Klock,Electronic,"House, Tech House, Techno, Dub Techno",2012,Fabric 66: Ben Klock (Continuous Mix) (1:13:23),No master release;
4073376,Fabric 67,Zip,Electronic,"Deep House, Techno, Minimal, House",2012,"Dreams ()
Pam Pam ()
Till The Feelings Gone ()
She Like ()
Point Blank ()
Excites Me ()
Satisfied (Moodyfied Mix) ()
The Fall Of The House Of Shadows ()
Seekers ()
Convergence ()
Jazz In The Forest ()
Everybody's Dark ()
Expansions (Pyramid Bonus Beats) ()
Return Of The Speaker People (Kausto's Sudden Aphasia Mix) ()
Drone ()
Blackholes (The Sun Of God Remix) ()
Music ()",No master release;
4289299,Fabric 68,Petre Inspirescu,Electronic,"Modern Classical, Tech House",2013,"Lumiere (3:08)
Chestii Socoteli (4:21)
In Miriste (5:22)
La Cuba (4:03)
Anima (6:47)
Chosen (6:08)
Seara-N Crang (5:59)
FH Dub (4:49)
Flurimba (2:39)
Basso Ostinato (5:30)
Vastu' Da Gama (5:35)
Dansul Libelulei (4:37)
Je T'aime Lori (5:33)
Murgul (7:16)
Piano Preludes (4:06)",No master release;
4470675,Fabric 69,Sandwell District,Electronic,"Minimal, Techno",2013,"A Path Eternal  (1:58)
Voiceprint (Loop/Edit)  (0:52)
Spock (Regis Remix) (Loop/Edit) (0:33)
Extraction 7  (0:39)
Exist In The Repeat Of Practice  (1:47)
Loss (Regis Version)  (4:53)
Church Of All Images (Regis Version) (1:00)
Andreas (Bonus Beats)  (2:44)
CU2 (UST Funk Mix) (0:16)
Detune  (4:20)
Basis  (2:08)
Wedge  (0:46)
Syväys  (0:55)
Wedge  (2:03)
Modifier  (2:16)
Darkness  (3:11)
Hunt  (3:54)
Waiting For Love Part 1  (2:38)
Motion The Dance (5:34)
As You Breathe Here Now  (3:09)
Mark Ernestus Meets BBC (1:47)
Plasticine  (3:05)
Uptight  (2:43)
Spock (Regis Remix)  (2:58)
Flat Tire (3:43)
16-2-16-9-20-1-14-9-7  (1:49)
Into A Circle  (2:32)
Sicario de Dios: Siglo 2  (1:08)
At Night  (4:40)
Voiceprint (Reprise) (5:37)",No master release;
4657718,Fabric 70,Apollonia,Electronic,"Minimal, Techno, Tech House, Deep House",2013,"Allez Ally (4:04)
Nards (Ryan Elliott Remix)  (3:40)
Trinidad  (4:42)
Bleep Blop Robot  (3:24)
I've Been There  (4:43)
Farbfilm (Dyed Soundorom Remix)  (4:42)
Masa de Fatza (6:14)
The Guy From Hackney  (0:57)
Ohh  (4:41)
Fromsidetoside  (4:34)
Scene Shifter  (4:58)
Control (Tevo Howard Remix)  (5:13)
Visa Americain  (6:02)
Night Chime  (3:31)
Bronze Septembre  (3:55)
Fearless Fun  (3:31)
Need Ur Love (Stalagmite Mix) (6:24)",
601008,Fabric 71,Cassy,Electronic,"Minimal, Techno, Tech House, Deep House",2013,"Tune In (3:07)
Black Thoughts (Tribal Mix) (3:03)
Mare010 (4:13)
Tell Me (Late Night Creeper Mix) (3:19)
06 A (3:30)
Oh Yeah (3:38)
Meeting At Dawn (4:46)
Basic Necessity (2:30)
When The Past Was Present (Pachanga Boys Blue Remix) (6:03)
For Some (2:28)
Bring You Techno (5:06)
Brain Of Glass (5:18)
Landwehr (5:14)
Completely Gone (4:42)
010x (5:04)
Thelon (Todd Sines Mix) (2:53)
(My Back Is) Against The Wall (6:13)",No master release;
5000378,Fabric 72,Rhadoo,Electronic,"Minimal, Techno, Tech House",2013,"Jazzocorason ()
ConTRASt ()
Blueprint  ()
Eramarble  ()
Chapo ()
A2 ()
Raptures Of The Deep (Craig Richards Remix) ()
Rman 2 ()
Stalker ()
Circul Globus ()
Protocol ()
Fast Lane 4 ()
Have A ()
Frou Frou ()
Let's Feed The Wolf (Petre Inspirescu Remix) ()
Ticktockclockityclock ()
Fearnot ()",
1496539,Fabric 73,Ben Sims,Electronic,"House, Techno, Tech House",2013,"GS 01 (2:01)
Icon (2:30)
Dread (0:30)
Wurk It (1:00)
The Little Jam (Edit) (2:30)
Higher (Ben Sims Remix) (2:00)
All Day (Robert Hood Remix) (1:30)
Monopole (Sims JFF Edit) (1:30)
Kienokki (Edit) (1:53)
Recursion (0:45)
Raise Your Hands (Mr G Remix) (1:45)
133 (1:30)
Belmont (Edit) (0:53)
Corebox (James Ruskin Blueprint Mix) (1:26)
Shooting Stars (Fokus Group Remix - Edit) (2:00)
Moveable Parts: Untitled 1 (Mark Broom Edit) (1:30)
Break Glass (Sims Remix - Edit) (0:52)
SDS5000 (2:07)
I Left My Girlfriend In A Club (Edit) (1:15)
U U U (1:29)
Tactix (Sims JFF Edit) (1:37)
Eigenzeit (1:29)
Break Glass (L-­Vis 1990 Dance System Remix - Edit) (1:14)
Wires (1:14)
Tazmanian Virus (Sims JFF Edit) (1:29)
Fall Down (Sims JFF Edit) (1:44)
Ride 3 (Sims JFF Edit) (2:14)
Room Mode (1:44)
Model 1 (1:59)
Grind Returns (Ritzi Lee Remix) (1:29)
Samurai (Edit) (1:29)
Symmetric Timeline (Sims JFF Edit) (0:59)
90's (Edit) (0:59)
Something (Sims Beats Mix - Edit) (2:27)
Minimalism A1 (Ben Klock Remix) (0:59)
Distracted (0:59)
Dream State (Edit) (2:27)
Raw Hide (1:43)
Ahora (Sims JFF Edit) (1:50)
Neurosis (Surgeon Remix - Edit) (1:20)
Chained To A Dead Camel (2:11)
Nut Nut (2:55)
Joyrider (Trevino Remix - Edit) (1:57)
Broken Dreams  (0:50)",
813065,Fabric 74,Move D,Electronic,"Techno, House",2014,"Under Tha Sun ()
Your Love Is All I Need (Dub Mix) ()
Some Lovin’ ()
Holding Back California  ()
Bringin’ Tha Heat  ()
The Goose  ()
Annihilating Rhythm (The Destruction Mix)  ()
Shake That Body (K-Alexi Dubs You The Right Way Mix) ()
Do It Right ()
Loosey Goosey ()
New Jazzno  ()
Roots  ()
Luvbyrds  ()
Feel Me ()
Unke ()",
978606,Fabric 75,Maya Jane Coles,Electronic,"Techno, House, Deep House, Minimal, Tech House",2014,"Somebody ()
Madness (Volta Cab Remix - Maya Jane Coles Edit) ()
Close Up (Exercise One Remix) ()
Level 7 (Dixon Remix) ()
Lucho Part 2 ()
No One Gets Left Behind ()
Romin ()
Premonition ()
Why Don't Ya? (Ripperton Remix) ()
Erotic Discourse (Dense & Pika Remix) ()
Dissolute ()
Concubinaj  ()
Forgive Me (Edu Imbernon Remix) ()
Basement ()
Monster ()
Purple Garden ()
Lonely Nights ()",
1643518,Fabric 76,Deetron,Electronic,"Techno, House, Acid",2014,"Picadillo (Carl Craig's Breakdown Version) (1:34)
Timewave (1:49)
Palats (1:58)
Mind & Body (3:21)
Who's Knocking (2:05)
Mercy (3:06)
Finizh (2:06)
Searchin 4 You (3:15)
Who's The Licho In Charge Ovaa Here (1:27)
The Elite (1:07)
One (3:20)
Timeline (3:29)
Bodydrummin (1:16)
Honey Kisses (3:10)
New Style Of (2:24)
Rais (3:02)
There Will Be A Time (2:47)
Nasty (3:03)
More Of You (3:10)
The Move (4:19)
Bad Kingdom (Marcel Dettmann Remix) (2:47)
Irene (1:50)
Slope (2:25)
Before Your Very Eyes... (4:58)
Falling The Same Way (Dommune Version) (2:45)
Weird F (2:14)
Mercy (2:21)
Says (5:10)",
842007,Fabric 77,Marcel Dettmann,Electronic,"Techno, House",2014,"Arthure Iccon (4:26)
Sun Position (4:11)
Inside Of Me (3:27)
Apron (PAS Tubed Mix 2) (4:00)
Transit 0.2 (3:56)
Nearlin (3:34)
Film (5:09)
It's Not The Point (4:07)
Radar (Byetone Remix) (3:24)
RSPCT (4:19)
Country Boy Goes Dub (Marcel Dettmann Remix) (4:25)
BB 1.0 (3:33)
Rising (3:32)
Lightworks (Ø [Phase] Remix) (4:01)
M_Lock 4 (4:01)
Carlre (3:32)
Repulsive (Marcel Dettmann Edit) (4:10)
Flash (2:12)
Torus XXXII (3:53)",
869688,Fabric 78,Raresh,Electronic,"Techno, House, Deep House, Minimal",2014,"Super Lemon Vapor ()
Isitor ()
Barb Coating Sonnet (Sonja Moonear's Sony In The Sky Remix) ()
Sirius ()
Bittersweet Memories ()
Lost Evidence ()
Bioco23 ()
Vatitio (Murdoc Remix) ()
Codex Voluspa ()
Naughty Mandar ()
Third Track ()
Anatrack ()
I See Through You ()
Abuelito ()
Emozionn ()
Nemeta (Adsum Remix) ()
Beginning An Ending (Baby Ford Remix) ()",
854060,Fabric 79,Prosumer,"Electronic, Funk / Soul","Techno, House, Electro, Deep House, Acid House, Downtempo, Disco",2014,"Time ()
Untitled B2 ()
I Believe ()
Emergency (Original 9-1-1 Mixx) ()
Fabio ()
Signs Of Inertia ()
Dance ()
Expressions ()
Oh Ah Ah ()
Ready To Lose (Tarantism Remix) ()
The Search ()
There R No Rules Fear Is Unknown & Sleep Is Out Of The Question ()
Fonts For The People ()
Something Borrowed ()
Silberpfeil ()
Jass Yo Azz Off (Mike's Mello Groove Mixx) ()
The Warehouse DJ ()
P.S.A. (Play, Stop, Acid) ()
Ritual ()
Rap Beef ()
Nature Of The Soul ()
Carden Eden ()
Fantastic Piano ()
She's Got Her E.R.A. ()",No master release;
6670570,Fabric 80,Joseph Capriati,Electronic,"Techno, Tech House, Deep House",2015,"Ashiko (Lurka Obeah Mix) (2:48)
Smells Like A Virgin (2:48)
Partenopeo (3:19)
Ellipse (Proudly People Mix) (3:36)
Entady (3:04)
Stone Flower (2:33)
Hells Bells (4:21)
Caldera (5:07)
Helter Skelter (3:19)
Dispatch (4:36)
Plant 1 (3:50)
Wind It Up (3:42)
Backward (3:31)
Transition Six (4:51)
Doch (3:50)
Organic (4:51)
Gyre (4:21)
Learn To Fly (Maceo's Flight Home Mix) (6:13)",
1510997,Fabric 81,Matt Tolfrey,Electronic,"Techno, Tech House, Deep House, Minimal, House",2015,"Do My Thing ()
The Bath House ()
Life Stories Part 3.2 ()
Tom Jam ()
My House (Doc Martin & Eddie Amador's Wax Dub) ()
Nightlife (Kenny Hawkes & David Parr Remix) ()
File One ()
I Think It's Love ()
Jena Jazz (DIY Remix) ()
Zero ()
Gettin' Bullied ()
A Million To One (Kerb Staller Edit) ()
Social Club ()
(R)evolution ()
It's Magic ()
Idle Blues ()
A Clown Called Snapper ()
Somethin' Else (This Year's Peasant Look) ()
2834 (Richard Wolfsdorf Remix) ()
Treatment Feel (Soul Capsule Vs Tan Ru Mix) ()
Your Call ()
Lost In Space ()
Istanbul 2 ()
Tokyo XXX ()
Question Time ()",
921229,Fabric 82,Art Department,Electronic,"Techno, Tech House, Deep House, House, Dub Techno",2015,"Mutism ()
Villa Seurat ()
Hip Flexer ()
Worse For The Wear ()
Ruhephase In D-Moll ()
Kinda Kickin' (Efdemin Remix) ()
Get Ready (Fred P. Reshape) ()
Decimal 2.0 ()
Cruel Intentions (Fred P. Reshape) ()
Service Cost ()
Dimensions ()
Deeper ()
Valley Road (We Are 1) (DJ QU Remix) ()
Untitled (NJ01 - B1) ()
Wired ()
Speed ()
Mutism ()",
903266,Fabric 83,Joris Voorn,Electronic,"Techno, Tech House, Deep House, House, Dub Techno, Downtempo, Minimal, Ambient",2015,"So, Who's Gonna Watch You Die? ()
Front End (Remixed By Pye Corner Audio) ()
Isolate Frequencies 2 ()
Fatalism ()
Blue Jasmine ()
Loka / Toxic Underground ()
Loctivity ()
Consumed ()
Pinnharan ()
Abroad ()
Quarion Was Digging For Water ()
Grape A ()
DC14 (A1) ()
Listen To The Whispers (Jody Hannan Remix) ()
Where Have You Gone? (Part 1) ()
7am (Dachsund Remix) ()
Schlamm ()
L'Esprit De L'Escalier ()
Signs (Matom Remix) ()
Kae ()
Feelmar (Gaspard De La Montagne Remix) ()
Red Pavement (Halo & Alex Fuente Remix) ()
Euclides ()
Two 0 One ()
Entropy ()
Fall (Nobody Home Dream Interpretation Mix) ()
Space Oddysey ()
Drawn From The Side Of Crime ()
Little Helper 163-4 ()
Backache ()
Body ()
Departures ()
Realm ()
Deep Space ()
A.M. Track ()
Mavie ()
Looks Fake Obviously ()
Shadow Boxing ()
Next Year (Mosca's Skaep Niwt Version) ()
Love Is Rare / Dreams ()
Left (Roland Klinkenberg Remix) ()
Empathie ()
Sverh (Radio Slave F.Y.M. Remix 2) ()
Exist ()
Fill 17 ()
Concentrate (Truncate Rework) ()
Shaker ()
Northern Lights ()
Asha ()
Squiggles (The Mole Remix) ()
Direct Experience ()
Go Away (Dan Bexley & Chad Bostock Remix) ()
Unstopped (The Revenge Remix) ()
Bubbles Made Me Cry ()
Mugged (Anton Pieete Remix) ()
Vedanta (Sebastian Mullaert Remix) ()
Enthoegen ()
Anoat ()
Forward (The 5am Mix) ()
Slowrag ()
Front End (Remixed By Pye Corner Audio) ()
Prelude To Shona ()
The Void She Left ()
D7 08 2A 8D 2A 37 FA FE 17 OE 62 39 06 81 C8 A1 49 30 6F ED 56 AD 5E 04 ()",
1982815,Fabric 84,Mathew Jonson,Electronic,Techno,2015,"Northern Lights (7:56)
Dayz (4:22)
Learning To Fly (2:30)
Marionette (The Beginning)  (4:30)
Octopus Brains (3:13)
If (Mathew Jonson & The Mole Remix) (2:38)
In Search Of A New Planet With Oxygen (3:30)
The World Will Come Around (5:47)
Automaton (5:32)
Decompression (Mathew Jonson Acid Cut) (2:30)
Decompression (Mathew Jonson Force Remix) (2:15)
Ghosts In The A.I. / Decompression (Mathew Jonson Mash Up) (4:36)
Imagination (5:05)
Say No More (Mathew Jonson Remix) (5:55)
Cause Baby It Just Feels Right (0:45)
That Girl Can Dance (1:04)
That 101 Is Mine (2:50)
Feels Like Liquid (3:47)
Body In Motion (2:31)
Good Life (Mathew Jonson's Acid Mix) (3:29)",
1982794,Fabric 85,Baby Ford,Electronic,"House, Techno, Minimal",2015,"Carpet (3:52)
Fine Girl (3:54)
Lava (2:35)
Feel Sensual (6:31)
Boompty Boomp Theme (4:38)
Ellipsis (4:12)
Close The Door (5:40)
Spend The Night (5:32)
Bump (4:34)
Paradise Village (6:45)
Undrgr (3:58)
Haz (8:23)
Time Tourism (Baby Ford Remix) (4:03)
I Don't Know How To Say (8:57)
NY015 (0:43)",
1001110,Fabric 86,Eats Everything,Electronic,"House, Techno, Tech House, Deep House, Electro, Trance",2016,"Cascades Of Colour (Danny Tenaglia Edit Of Saffron Mix) ()
Feelin' This Way ()
Kaimanawa ()
Nostalgia ()
Diary Of A Madwoman ()
Kickback (Tim J Remix) ()
Medusa ()
Fiori (Dixon Beat Edit) ()
Techno Disco (KiNK Remix) ()
Motion (Jeff Bennett Remix) ()
Groovers Maneuvers ()
Take Me Away (Truncate Remix) ()
Trespass 06 ()
Rippin Kittin (X-Press 2 Late Night Homicide Remix) ()
White Mice ()
Prime Time ()
Jump For Joi (Spike Dub) ()
Over Me (Whiplash Sub Bass Mix) ()
Baby Talk ()
Galaxia ()",
1090378,Fabric 87,Alan Fitzpatrick,Electronic,"House, Techno, Tech House, Deep House, Ambient, Minimal Techno",2016,"Weltschmerz (Melodic Theme) (0:58)
All I Think About Is Death (Radio Slave Atmos) (1:29)
Zen (4:32)
Triage (4:04)
Submission (Truncate Rework) (2:01)
Wokabeat (3:47)
Lolly Pop (4am Mix) (2:16)
Mouth To Mouth (Scuba's Orbital 93 Mix) (4:02)
Windy Cindy (4:25)
Untitled #3 (3:39)
Where Haus? (3:32)
1992 (Boxia VIP) (4:32)
Meckwiki (3:01)
TrySome (4:25)
Pressure (Roman Lindau Remix) (1:50)
Stigma (2:37)
Eyes Wide Open (Mark Broom Edit) (4:38)
Forward (4:06)
Flat Rotation Curves (1:46)
Wrangel Calling (4:40)
Speak Out (2:01)
End Theme (0:45)
Bullets (Alan Fitzpatrick's Lights Up Remix) (6:58)",
1020467,Fabric 88,Ryan Elliott,Electronic,"House, Techno",2016,"Water Maze (3:29)
LFI (3:13)
Unknown Deep (3:49)
Black Boxx EP2 (B1) (1:59)
Revenge Of The Synth (3:32)
Ignition (2:20)
Back Door (Tallmen 785 Remix) (4:13)
Searching (3:05)
The Loop (2:29)
Achievement 3 (2:25)
Nearby Silent Horses (2:42)
Machine (3:14)
Inre Stenen (3:50)
Parola (1:01)
Tracking (3:43)
The Outsider (1:59)
Master Jack (3:28)
Luminescent Black (2:59)
Patos (4:25)
Five Fingers In The West (UK Gold Remix) (2:37)
Eleven + Twelve (Locked Grooves) (1:29)
Shift (2:59)
B1 (3:44)
Chapitre VIII: Nihon No Tabi (1:44)",
1089337,Fabric 89,Gerd Janson,Electronic,"Deep House, Tech House, Disco, Acid House, Techno",2016,"Snooze 4 Love (Luke Abbott Remix) (6:46)
Voices (Fabric Edit) (6:09)
Love Yeah (4:58)
The City Never Sleeps (6:07)
Severed Seven (5:51)
Apex (3:45)
Wanna Go Bang (Catz 'N Dogz Edit) (1:48)
Mess Of Afros (Glenn Underground Remix) (3:53)
MoTP (4:50)
Return To Acid (5:34)
Relate (The Black Madonna Remix) (3:45)
Marauder (5:54)
Rhythm (1:49)
Hills, I Want You (4:37)
Finished (5:58)
Sun (Prins Thomas Diskomiks) (4:41)",
1084145,Fabric 90,Scuba,Electronic,"Deep House, Tech House, Acid House, Techno, Future Jazz",2016,"Astronauten (2:49)
Uhura ()
Crackling (3:38)
Qua Đêm ()
Crystal (Mike Servito's 730 Reshape) ()
Make Rekkurds (4:22)
Fuchsia ()
People Of Paprika ()
Mooger Fooger ()
Simple Radical Practice (3:30)
Night ()
Point Blank (2:26)
Demented Drums ()
Menternal (Villalobos In The Pipe Mix) (3:04)
One Skilled In The Black Arts ()
sas1711 (3:09)
Palimpsest (3:15)
Sâu sắc ()
Consignia (Truncate Remix) (4:34)
XLB ()
Quadra Sette (4:22)
Ultra Deep Field ()
Untitled (Marco Shuttle Solar Reshape) (4:02)
Sound Pressure Part 3 ()
Echo Pulse (3:47)
Freak Funktion (3:58)
Symbiosis ()
Gear Shift (2:00)
Ambiguity (3:26)
Rạng Đông ()
With Patsy (5:48)
S-Sonics ()
Overcomplete ()
Protean (3:30)
Consumer's Tool ()
Praise Your Name (4:50)
Eksibit ()
Konflikt (8:00)
Guauanco (The Cinematic Orchestra Remix) ()
Decompression Suite ()
Uhura ()",
1404101,Fabric 91,Nina Kraviz,Electronic,"Techno, Abstract, Acid, Minimal",2016,"Tak (1:20)
Ruthless Compassion (5:37)
TV (1:46)
Jill's Meth (Side A) (1:57)
Iceberg (0:39)
19C (1:42)
Aeon Fusion I (2:43)
Like A Boogie (2:08)
Confusion (1:42)
Denise It Ain't Easy 2 (2:21)
A Broken Clock Is Right Twice A Day (2:46)
Huckfuq 3 (Uxi Mix) (1:35)
Deli At Night (2:47)
Sueno Malo (0:37)
Murtaja (0:16)
Goyfax (2:11)
Acid Planet 4 - A2 (1:29)
Porzellengasse Grooves - Groove 2 (0:05)
Crash Recovery (3:06)
First Snow In Harlem (1:27)
Bfg9000 vs. Barons Of Hell (0:13)
Irrelevant Information (0:12)
Lag 38 (0:34)
Sh (0:34)
Tetra (1:54)
Radar (2:10)
You Are Wrong (2:30)
Denwer (2:43)
Pochuvstvui (3:19)
Dox-003 Untitled B1 (1:24)
The Power Hour (0:58)
Refuse (0:11)
Universe Of Love (1:09)
Prolonged (3:21)
Amphetamine (Air Liquide Remix) (1:54)
Locked (1:25)
First Light (2:02)
Revelation (0:52)
Approaching (1:50)
Fate (As A Chasm) (4:48)
Fork Rave (3:42)",
1145046,Fabric 92,Call Super,"Electronic, Reggae, Blues","Techno, Abstract, Acid, Minimal, House, Breakbeat, Deep House, Electro, Experimental, Country Blues, Dub",2017,"The Same River Twice ()
Maßstab 1:5/11 ()
Tendency ()
Untitled B1 ()
The Stitch-Up ()
No Smoke ()
T’Raenon ()
Pornoire ()
Spinner ()
A Wonderful Life (Epic Mix) ()
Acephale I ()
Acephale II ()
Demonia  ()
ZX82 ()
Strung Up ()
Incubator ()
Sweat ()
Niche ()
Hippie Fracca ()
Plague #7 ()
Keep On Walkin' ()
The Feeling When You Walk Away ()
Giant Hug ()
Cutbacks ()",No master release;
9990495,Fabric 93,Soul Clap,Electronic,"Deep House, Italo-Disco, House, Disco, Techno, Synth-pop",2017,"Ambientroit (2:30)
Fabric Intro ()
New Day (1:52)
Paradise Valley (1:50)
Take Your Time (Marston's Dub) (3:11)
Gem (Hidden Spheres Remix) (1:58)
Dirty Talk (Original Acapella) ()
Early Werk (Fabric Edit)  (2:34)
I Get Lifted (X.T.C. Mix) (0:41)
The Compass Joint (Spaventi Dazzurro King Dub) (1:47)
I Gotta Feeling (Soul Clap & Morgan Wiley Dub) (1:42)
Weekend At Barnies (4:09)
Bravado (1:16)
Slide Gloves (1:34)
Feels Good To Be Loved (2:40)
Salto (Moon B Bubblin' Mix) (1:32)
The Split (2:38)
Ongaku (Unreleased Electro Dub) (2:01)
Something Keeps Me Real Quiet (1:00)
Gotta Work (1:23)
Schoolbell/Treehouse (3:16)
Strange Boys (Acapella) ()
Candid Fireworks (Tom Noble Remix) (1:40)
Dance In Dub (1:15)
Nu World (Flute Mix) (3:53)
Live Love (2:13)
Move It Forward (2:37)
Spaced Out (3:01)
Gang Progress (2:13)
Love Moon (2:46)
Memories (2:23)
Right Beside You (3:02)
Djidjo Vide (2:57)
Boipeba Dub (0:49)
Maajo (3:24)
Path To Wisdom (2:48)
Bittersweet Stripped (2:24)",
1319199,Fabric 94,Steffi,Electronic,"Techno, House, Electro",2017,"Echo 1 (2:31)
Sound Of Distance (5:00)
1.5 (4:29)
Freedom (5:53)
No Life On The Surface (7:35)
Forking Path (3:59)
66 (4:27)
Sound Moments (4:29)
Commonaukko (4:34)
Voidfiller (5:16)
Poison Valley (3:47)
World Gets Crazy (5:06)
Saturniidae (4:35)
Off The Beat (4:18)
Broke (4:28)",
2044252,Fabric 95,Roman Flugel,Electronic,"Techno, Minimal, House, Deep House, Experimental, Tech House, Electro, Breakbeat, Dubstep",2017,"White Sky (4:04)
RoRic (Original Mix) (2:04)
Tell Me (Benjamin Fröhlich Long Journey Remix) (5:45)
Troubled Mind (5:55)
Oblivious Pool (Invisible Dub) (3:00)
Lucid Dream (1:43)
Comes Home (Pional Remix) (4:54)
Clouds And Arrows (Roman Flügel Remix) (2:02)
Like This (3:35)
Are You Listening? (5:06)
Mad House (3:41)
Kachinja (4:00)
Touch Absence (Intimidating Stillness Mix) (3:47)
Juju (4:26)
WANT (Danny Daze & Shokh's Fears Come Dub) (5:02)
Hu Strike (3:06)
Cha (2:38)
Perseus (2:32)
Marbrahh (1:57)
Birth Of Saturn (4:10)
Amnesia (1:12)
Fascinating (3:43)",
1319193,Fabric 96,DVS1,Electronic,"Techno, Minimal Techno",2017,"For All Mankind (4:02)
Boring Shit (2:43)
Silent Prayer (1:56)
Curve (3:07)
Just Pain (2:54)
Absorbed (3:08)
From The Human Eye To Earth (1:42)
Our Blood (3:27)
1E-4 (3:11)
Falling (2:22)
The Vancori Complex (2:02)
Fathoms Deep (3:14)
Drops (2:36)
Fly Guy (2:10)
Vert (3:26)
Space 13 (3:17)
Politics Of Seduction (2:46)
Set Me Free (3:37)
Last Path (0:29)
Pseudo V2 (1:22)
Duchi Kaal (3:07)
Dunning-Kruger Effect (0:29)
Drum Jamz 2 (2:25)
Code Buster (2:30)
Ceremony (1:30)
Theory (3:46)
Question Authority (5:40)
Technic Electric (3:23)
The Dancer (1:34)",No master release;
11557434,Fabric 97,Tale Of Us,Electronic,"Techno, House",2018,"Cup Of Joe (1:22)
Saudade (3:58)
Metala (3:19)
Ness (3:31)
Covenant (3:47)
Bakwas (3:22)
There Will Be Singing (DJ Koze Remix) (4:12)
Ghetto Nebula (5:02)
Faint Light (3:15)
Resonant (2:52)
The Hatchet (5:12)
Lifetime (5:44)
4th Wall (5:01)
Plot Thickens (3:26)
Squared Minds (3:07)
Sequence 01 (5:32)
Memorial Day (2:36)
Path To Immortality (5:28)
Error Error (5:12)
Ray (2:59)",
1356439,Fabric 98,Maceo Plex,Electronic,"Techno, House, Electro, Synth-pop, Deep House",2018,"Searchlight (2:44)
Sabine's Song (3:55)
Walking With Shadows (2:25)
Manethon (2:33)
Haze ()
Veiled (3:49)
Xten (4:16)
Trindello (2:39)
Ditch Drive ()
The Condos (Maceo Plex Edit) (6:46)
Requisition (3:22)
Mutant Magic (Fabric Dub) (2:53)
Portamento Quints (3:25)
Mutant Quasar (Fabric Dub) (3:42)
Space Dub (3:42)
Movement (2:46)
Mutant Radio (5:28)
Corridors (2:09)
Backoldman (3:31)
Resource 1 (3:00)
Ride (2:46)
Revolution (3:55)
Focus ()
Megatrance 2 (5:09)
Zwicky (2:43)",
1384487,Fabric 99,Sasha,Electronic,"Techno, Ambient, Leftfield, Deep House, Tech House, Electro",2018,"Stretch Your Eyes (Ambient Acapella) (5:17)
Stretch Your Eyes (Quiet Village Remix) ()
I Wanna (Heitzberg Theorem Club Edit) (3:21)
Ovo (2:42)
Cup Of Joe (2:19)
Sunrise (3:48)
My Way ()
Guede (Joyce Muniz Terror + Natur Remix) (4:30)
Nature's Law (Jus-Ed Remix) (1:17)
Abraxas (3:13)
After Rhône 2013 (4:11)
Lost Forever In A Happy Crowd (6:50)
Smoke Monk (Fabric Mix) (6:58)
Needle & Thread (6:42)
A Love Trance Mission From NK To 7s (4:23)
Acid Bells (DJ Koze Mix) (1:36)
La Cuarta Galaxia (Tiefschwarz Remix) (4:58)
Echo Forgets (Sasha's Moog-apella) ()
At Les (Antigone Remix) (4:23)
Amae (Sasha Fabric1999 Remix) (6:58)",
12705377,Fabric 100,"Craig Richards, Terry Francis, Keith Reilly",Electronic,"Techno, House, Electro, Deep House, Synth-pop, Acid House, Tech House, Minimal",2018,"Mixed By Craig Richards ()
Nmos (2:55)
Journal Square (3:09)
S.I.S. (Savile's Jetset Radio Mix) (3:35)
Flying Buttress (2:55)
Transition (3:24)
Ride Low (3:43)
New Machines (3:21)
The Question Oak (2:55)
Pseudo Judo (4:14)
Lucid Flow (5:14)
My Friend Is Losing His Mind (3:23)
Monotonikum (5:19)
Azizi's Dance (Andrew Weatherall Remix 1) (4:57)
Where Has Love Gone (3:03)
Obey? (2:48)
Bush Baby Bug Eyes (3:30)
Rewind (3:03)
The Fizz (2:15)
Zy Clone (2:59)
Suck Seed (4:50)
Mixed By Terry Francis ()
Get Through (Inxec Remix) (3:06)
Round 'N' Round (4:23)
Vicious Vision (3:36)
Cross Over (4:54)
Turya (5:26)
Carpet Sneak (3:04)
Red Tribal (Silvano Del Gado Remix) (1:17)
No Ignorance (Part 1) (6:09)
The Way We Use To (2:58)
Love Dose (3:13)
Dancer Dancer (2:03)
Where Is The Salmon (4:24)
After Midnight (3:21)
Toni's Pain (Inxec's Morphine Mashup) (4:54)
Wipeout (3:27)
Oberton (0:52)
Emotional Blackmail (6:34)
Do You Wanna Know (Club Mix) (5:34)
Safe And Sound (9:03)
Mixed By Keith Reilly ()
California Analog Dream (Robag's Moppa Habax NB) (7:50)
Finding Who We Are (Quarion Dub) (7:30)
Really Love Ya (7:21)
Belle La Vie (6:33)
Casablanca (7:44)
Biscuit Barrel Blues (7:04)
Droids (7:27)
Devil's Den (6:19)
Mwala Wei'ka (5:44)
Tale Of The Dirt (Rampa Remix) (7:16)
Ordinary (Mick Rubins Deep) (6:00)","No master release; Three separate DJ mixes, separated by: Mixed By Craig Richards (), Mixed By Terry Francis (),  Mixed By Keith Reilly ();"
