Discogs ID,Title,Artists,Genres,Styles,Year,Tracklist,Directory
49785,FabricLive. 01,James Lavelle,Electronic,"Breaks, Tech House",2001,"Intro: A  Message To Our Sponsors (0:27)
Get Ready (1:17)
Circles (3:49)
Organ Donor (1:11)
Divine Intervention (4:39)
Broken Head II (1:09)
Piku (1:52)
Hey Jack (UNKLE Metamorphosis Mix) (7:17)
Funny Break (One Is Enough) (Plump DJ's Mix) (3:24)
Feel It (5:06)
Kick A Hole (Tigerstyle) (3:20)
Night Stalker (Meat Katie Remix) (2:30)
Physical 2000 (1:55)
La La Land (Extended Mix) (2:40)
Grab The Rope (FC Kahuna Mix) (2:03)
Mindset To Cycle (3:38)
True (The Faggot Is You) (FC Kahuna's Headstart Mix) (2:18)
Thru 2 You (Bushwacka! Remix) (2:32)
Fairytale (3:38)
Sacred Cycles (Medway Remix) (3:38)
Release (Original Mix) (2:54)
Healer (3:37)
Everything In Its Right Place (4:39)
Bonus Beats ()",fabriclive/2001 - FabricLive 01 - James Lavelle
177991,FabricLive. 02,Ali B,Electronic,Breaks,2002,"Intro (0:21)
Underground Funk (3:29)
Worldwide (3:14)
Get Down (4:26)
Number 2 (3:14)
Body Rock (2:49)
My Definition (The Lee Coombs Acid House Breaks Mix) (2:39)
Let Me See If You Can Dance (1:26)
Groove Operator (2:24)
Sky Juice (3:47)
Criminals (2:06)
Believing In It (Drumattic Twins Remix) (3:48)
Feel The Funk (4:54)
God Can't Stop (4:12)
Surreal (4:10)
Gyromancer (3:38)
Feel The Bass (1:58)
Big Groovy Fucker (5:21)
ESW (2:33)
Hold On (2:33)
Next Level (5:14)
Night Time (5:25)",fabriclive/2002 - FabricLive 02 - Ali B
47073,FabricLive. 03,DJ Hype,Electronic,Drum n Bass,2002,"Thunderball (5:11)
Mars (3:19)
Mistical Dub (3:08)
Planet Dust (3:32)
Ska (4:02)
Squash (3:29)
The Lighter (Twisted Individual 2001 Remix) (3:29)
Jah (4:51)
Rodeo (4:23)
Nightmare Walking (4:56)
Super2Bad (2:55)
Swingtime (3:50)
Snapped It (5:51)
Casino Royale (Remix) (5:07)
True Playaz Style (4:23)
Jazz Juice (3:08)
Body Rock (4:48)
Grimey (3:29)",fabriclive/2002 - FabricLive 03 - Dj Hype
163908,FabricLive. 04,Deadly Avenger,"Electronic, Hip Hop, Funk / Soul","Breaks, Cut-up/DJ, Funk, Disco, Hip Hop",2002,"We Took Pelham (2:55)
Megadeath (4:29)
Live At The Capri (Supermix) (3:46)
Franklinz 2000 (4:17)
Put Em' Up (3:10)
The G.O.A.T. (3:53)
NY Make Some Noise (2:10)
Let Me Clear My Funk (2:36)
Dance Across The Floor (1:47)
Caipirinha (5:43)
I Believe In Miracles (4:13)
Hit The Floor (2:28)
Midnight Method (4:12)
Cross The Track (3:08)
Crowd Motivator (2:26)
Let's Get Ill (3:00)
Crowd Motivator (Old School Dub) (2:02)
I Want You Back (2:46)
Let Me Know (2:25)
Petricone - Handz Across The Water Mix (8:12)",fabriclive/2002 - FabricLive 04 - Deadly Avenger
78690,FabricLive. 05,Howie B.,Electronic,"Leftfield, House, Breaks, Breakbeat",2002,"Fish (4:53)
Neuroscan (6:32)
The Word (PMT Remix) (6:10)
The Human Animal ()
Daydream In Blue (Medicine Remix) (5:58)
Music Takes You (B.L.I.M. Remix) (4:08)
Cherry Lips (Go Baby Go) (Howie B Remix) (7:21)
Donuts & Coffee (6:56)
Beautiful (Terminalhead Remix) (5:17)
Future Abuse (6:19)
Clone The Clowns (5:10)
Hindoo's And Hairdoo's (Freq Mix) (4:51)
Beyond (5:35)
Foundation Stepper (4:04)",fabriclive/2002 - FabricLive 05 - Howie B
213300,FabricLive. 06,Grooverider,Electronic,Drum n Bass,2002,"You Got Me Burning (5:59)
Alien Girl (4:45)
The Mexican (4:34)
Rebirth (4:35)
What I Need (4:14)
Hotspot (Digital Remix) (2:28)
Bitch Muzzle (3:35)
Subway (3:09)
Truly One (Remix Pt. 2) (4:41)
The Lighter (S-Files VIP Mix) (1:48)
The Pulse (4:20)
Amen Slag (4:41)
Deadline (VIP Mix) (3:36)
It Ain't Too Loud (2:31)
Back For More (VIP Mix) (4:53)
Milky Way (3:48)
Kloakin' King (4:42)
Wasteground (2:01)",fabriclive/2002 - FabricLive 06 - Grooverider
556427,FabricLive. 07,John Peel,"Electronic, Rock, Reggae","Reggae, Southern Rock, Drum n Bass, Indie Rock, Tech House, Hardcore",2002,"Hana (Excerpt) (1:14)
BBC Commentary, 1981 European Cup Final - Liverpool v Real Madrid (Excerpt) ()
Break 'Em Down (3:15)
Late Night Blues (3:40)
Hipsteppin' (3:41)
Needle In A Haystack (2:26)
Lust For Life (1:53)
Let's Get Small (4:04)
There's A Moon Out Tonight (2:10)
Mr. Pharmacist (2:16)
15.5 Remake (6:36)
Too Much (2:18)
In The Midnight Hour (3:27)
Moon Hop (3:04)
In Love (2:52)
Purty Vacant (2:38)
Liar (3:29)
Lion Rock (Peel Session) (4:32)
Tom The Peeper (1:33)
Love Will Tear Us Apart (3:18)
BBC Commentary, 1978 European Cup Final - Liverpool v FC Bruges (Excerpt) ()
Clock (4:12)
Corn Rigs Tunes (0:39)
Identify The Beat (6:27)
You'll Never Walk Alone (1:29)
Teenage Kicks (2:26)",fabriclive/2002 - FabricLive 07 - John Peel
216513,FabricLive. 08,Plump DJs,Electronic,"Breakbeat, House, Electro, Disco",2003,"Intro – Fab1 (0:44)
From Home (Hexidecimal Mix) (3:19)
Nova (2:36)
Listen To The Drummer (1:25)
Beyond This World (Dub Mix) (2:26)
Squeaks & Bleeps (4:15)
Dope Freak (1:25)
Angelfish (4:02)
Contact 00 (5:31)
Cakehole (4:51)
2 Men On A Trip (Lee's Tripped Out Mix) (4:44)
Alarm Bells (2:22)
The Drum (3:51)
The Rock (4:44)
Energise (Casino Kid Remix) (4:02)
Electric Appliances (Plump DJs Vocal Remix) (4:44)
Hey Mr DJ (Stab Mix) (2:29)
Back In The Day (3:33)
Punch Drunk (1:11)
I Feel Love (5:34)",fabriclive/2003 - FabricLive 08 - Plump DJ's
296596,FabricLive. 09,Jacques Lu Cont,"Electronic, Rock, Pop","House, Synth-pop, Disco, Indie Rock, Pop Rap, Classical, Art Rock, Glam",2003,"Miss You (Thin White Duke Mix) (2:38)
Eastern Palace (1:06)
Wordy Rappinghood (2:49)
Steppin (4:13)
Abracadabra (3:55)
Give It Up (Laid Instrumental Mix) (5:49)
Eurolove (3:24)
Gold Is Your Metal (Paper Faces Remix) (5:55)
S&M (5:20)
Remind Me (Ernest St. Laurent Moonfish Mix) (3:52)
Also Sprach Zarathustra (0:55)
Sweet Dreams (Are Made Of This) (4:18)
It's Automatic (Cosmos Acid Remix) (4:18)
David (Medicine 8 Remix) (3:46)
House Nation (1:44)
Snowball (3:50)
I Wanna Rock (2:46)
Gouge Away (3:26)
Here Come The Warm Jets (3:58)",fabriclive/2003 - FabricLive 09 - Jacques Lu Cont
45108,FabricLive. 10,Fabio,Electronic,"Latin, Drum n Bass, Jungle",2003,"Venus & Mars (5:15)
Share The Blame (4:22)
Squash (3:33)
ReJack (4:06)
Tell Me (Twisted Individual Remix) (4:44)
Miracle (4:50)
Take Away (4:28)
3 A.M. (5:12)
The Mexican (Instrumental) (5:34)
So Nice (Summer Samba) (DJ Marky & XRS Remix) (3:25)
Dayz Of Glory (5:34)
Flow With Me (4:23)
Savoir Faire (5:23)
What U Don't Know (5:28)
Ace Face (5:36)",fabriclive/2003 - FabricLive 10 - Fabio
125113,FabricLive. 11,Bent,"Electronic, Funk / Soul","Leftfield, Deep House, Downtempo, Disco",2003,"Intro (0:45)
From Here To Eternity (5:05)
Caught Up (3:06)
Tunnel Vision (5:29)
Horse With No Name (3:43)
Hammer / Anvil (5:26)
To Sir With Love (A Chicken Lips Full Length Vocal Mix) (3:51)
24k (5:41)
Touch It (4:10)
Magic's Wand (4:45)
The New Cannonball (2:55)
Shrimp (4:19)
Radio Jolly (3:24)
The Greatest Hit (3:45)
Magic Love (3:43)
Was That All It Was (3:41)
Dancin' In The Key Of Life (5:14)",fabriclive/2003 - FabricLive 11 - Bent
113981,FabricLive. 12,Bugz In The Attic,Electronic,"House, UK Garage, Future Jazz, Broken Beat",2003,"Tromboline (4:08)
Got Me Puzzled (4:00)
Bicycle Kick (4:00)
Having Your Fun (4 Hero Rework) (5:15)
Red (3:44)
Loose Lips (3:07)
Oriental Express (4:15)
Looking For Love (Bugz In The Attic Remix) (4:46)
Time To Skyank (4:29)
Future Rage (5:14)
Dreams Come True (Afronaught Mix) (6:07)
Strike Hard (6:22)
Harder, Better, Faster, Stronger (The Neptunes Remix) (4:50)
Call Me (Re-Edit) (7:28)",fabriclive/2003 - FabricLive 12 - Bugz In The Attic
47232,FabricLive. 13,J Majik,Electronic,"Drum n Bass, Jungle",2003,"Me Lever (4:38)
High Hopes (1:23)
Enuff Iz Enuff (4:41)
Pitbull (1:25)
Deliverence (2:08)
P Funk 04 (Moving Fusion Mix) (2:30)
Monkey See, Monkey Do (3:50)
Back To Love (2:51)
Capoeira (4:17)
Original Foundation (3:12)
Hustler (1:47)
925 (2:19)
Nosher (Baron Remix) (2:19)
Jammin (3:34)
Cuban Links (Fresh Mix) (2:29)
Play Me (1:46)
Fast Car (3:12)
Pressure (Remix) (2:35)
Temple Of Doom (2:29)
Fleshwound (1:54)
We Got Heat (Ram Trilogy Mix) (3:44)
Signs (Calibre Remix) (2:18)
No Trace (2:59)
Bandwagon Blues (3:12)
Feel The Music (4:39)",fabriclive/2003 - FabricLive 13 - J Majik
194185,FabricLive. 14,DJ Spinbad,Hip Hop,,2004,"Intro (0:42)
Deja Vu (Uptown Baby) (3:07)
Halftime (Album Version) (4:38)
Danger (2:04)
Ante Up (Robbin Hoodz Theory - Explicit Mix) (2:01)
Oochie Wally (2:03)
Shimmy Shimmy Ya (3:46)
The Franklinz (Dirty Mix) (1:41)
Thug Anthem (1:55)
Shake Ya Ass (LP Version) (1:17)
Sound Of Da Police (3:39)
South Bronx (1:52)
Eric B Is President (Album Version) (2:24)
I Got It Made (2:39)
The Choice Is Yours (Album Version) (2:51)
Party Groove (1:26)
The 900 Number (0:36)
Scenario (3:21)
Peter Piper (2:33)
Walk This Way (2:07)
Mona Lisa (1:51)
It Takes Two (4:22)
Got To Be Real (1:28)
Rappers Delight (3:30)
White Lines (Don't Do It) (1:41)
The Creator (1:57)
Treat 'Em Right (3:59)",fabriclive/2004 - FabricLive 14 - Dj Spinbad
46764,FabricLive. 15,Nitin Sawhney,Electronic,"Broken Beat, Future Jazz, Drum n Bass",2004,"Relaxin' At Club F****n (Nitin Sawhney Edit) (2:34)
Eastern Eyes (Seiji Remix) (5:12)
Homelands (Freeform Five Remix) (5:25)
Homelands (Dzihan & Kamien Mix) (5:00)
Suzuki (Burnt Friedman / Nonplace Dub) (4:03)
Valeu (4 Hero Remix) (2:17)
Tempest (Atjazz Remix) (4:21)
Long (4 Hero Mix) (4:05)
We Who Are Not As Others (Jazzanova Mix) (5:37)
Bad Thoughts (4:22)
Three Note Blue (4:52)
Freedom (5:09)
The Wheel (4:53)
Militant 24 (5:17)
Beyond Skin (3:46)
Hymn 2 (4:48)",fabriclive/2004 - FabricLive 15 - Nitin Sawhney
33400,FabricLive. 16,Adam Freeland,Electronic,"Breakbeat, Breaks, Electro",2004,"Love Burns (2:16)
Flow (False Prophet Remix) (4:21)
Hired Goons (4:51)
Heel 'N' Toe (Acapella) ()
Xylophone (1:44)
Crooked (5:40)
Super Pet (Evil Nine Mix) (5:33)
We Want Your Soul (Acapella) ()
Steamulation (3:42)
Sqsh (3:47)
Words Don't Come Easy (1:51)
Burn The Clock (5:39)
Reign (Evil Nine Mix) (7:46)
F-Groove (5:17)
In All Nothing (Adam Freeland And Evil Nine Mix) (4:19)
Freak (4:13)
Mind Killer (Origin Unknown Mix) (5:27)
Airlock (4:25)",fabriclive/2004 - FabricLive 16 - Adam Freeland
643163,FabricLive. 17,Aim,Electronic,"Broken Beat, Electro, Downtempo, Hip Hop, Latin",2004,"Come Back To You (2:42)
Roygbiv (2:07)
St Patrick (5:29)
What You Say (3:59)
Insight (3:28)
101 Pianos (I've Put Out The Lights) (2:29)
Strange (2:23)
Faith (Alternate TV Track) (4:10)
Loungin' (3:40)
Today (3:16)
Award Tour (3:22)
Love Comes And Goes (4:08)
Jus Biz (3:59)
Something Going (4:36)
El Galleton (3:06)
I Don't Need No Doctor (5:09)
It Was A Good Day (4:17)
Wasn't Born To Follow (2:06)
Lady Nebula (3:44)",fabriclive/2004 - FabricLive 17 - Aim
177953,FabricLive. 18,"Andy C, DJ Hype",Electronic,Drum n Bass,2004,"Let Loose (4:01)
Can You Feel It (DJ Hype Special) (3:35)
Dreadlock (5:02)
Slam (3:13)
Bring Dat (3:36)
Bad Move (3:14)
Swallow Ya Soul (3:58)
Body Rock (3:58)
Submission (4:30)
Spycatcher (3:35)
Follow Da Vision (4:40)
Coming At Ya (DJ Hype Special) (3:13)
You Disgust Me (3:33)
Now's The Time (2:21)
Mysterons (1:47)
Bacteria (Pendulum Remix) (2:31)
Tomb Raider (3:08)
Turnstyle (Baron Remix) (2:09)
Living In Darkness (Phantasy & Shodan 2004 Remix) (3:19)
Contrax (Weapon Remix) (2:30)
Night Vision (2:35)",fabriclive/2004 - FabricLive 18 - Andy C & Dj Hype
19660,FabricLive. 19,Freestylers,Electronic,"Breakbeat, Breaks, UK Garage",2004,"Boomblast (Deekline & Wizard Remix) (7:10)
Daily Operation (2:33)
Midnight (4:52)
Killer (3:42)
Let There Be Light (4:38)
The Bashment Track (2:39)
Holding On (2:19)
Line Like This (2:45)
Broken Point (2:46)
Put Up Your Hands (3:16)
Warrior Charge (Breakfastaz Remix) (3:39)
Soul Surviving (2:22)
Kick It (3:23)
Bandwagon 92s (0:34)
Forever (2:33)
Spit It Out (2:20)
Fli Bi (1:09)
Dooms Night (Timo Maas Remix) (2:53)
Time To Unite (3:32)
Acid Love (3:56)
Infectious (3:02)
Rock Steady (2:43)
Take Me Away 2004 (Exclusive VIP Mix) (4:52)",fabriclive/2004 - FabricLive 19 - The Freestylers
670711,FabricLive 20,Joe Ransom,Electronic,"Breaks, Broken Beat, UK Garage, Hip Hop, Breakbeat, Drum n Bass, Dub",2005,"Turntable Technology (1:31)
Muzik-Ed Special (3:40)
The Nice Up (2:50)
So U Want Morre? (Refix) (2:20)
Nico Suave (2:40)
No New Styles (2:05)
Bun De Wikkid (Pressure Drop Bassbeat Version) (3:06)
Galang (3:37)
High Score (Stanton Warriors Remix) (6:16)
Ain’t Nuttin To It (Part Two) (3:35)
Stand Up Tall (3:06)
Una Funker (3:48)
Coming Up For Air (Koma & Bones Remix) (6:24)
Breakbeat Girl (5:15)
Reclaim The Streets (Move Ya! & Steve Lavers Remix) (5:57)
Go DJ (Remix) (4:06)
Industry (3:57)",fabriclive/2004 - FabricLive 20 - Joe Ransom
277392,FabricLive. 21,Meat Katie,Electronic,"Breakbeat, Progressive House, Breaks",2005,"Banned Practise (5:49)
Can You Hear Me? (5:41)
Phat Prick (4:21)
So Get Up (Acapella) ()
Mismoplastico (Lee Coombs Back To The Phuture Mix) (4:50)
Oxygen (Abe Duque Remix) (2:47)
Nu-Tron (3:53)
Better World (Infusion Remix) (3:39)
Reign (Acapella) ()
Disco Daze (4:15)
Shadow Box (3:51)
Stale (3:25)
Out Of It (3:51)
2 C Beat (EK Mix) (3:06)
Salty (Meat Katie Mix) (4:55)
Get Down (3:07)
Mad As Hell (4:18)
Gateway (3:50)
Shine A Light (Introspective Mix) (5:40)",fabriclive/2005 - FabricLive 21 - Meat Katie
541502,FabricLive. 22,Scratch Perverts,"Electronic, Hip Hop, Rock","Cut-up/DJ, Hardcore Hip-Hop, Gangsta, Drum n Bass, Alternative Rock, Indie Rock",2005,"Come Get It (3:06)
Ha Ha (2:14)
Born To Roll (3:06)
I’ll Be Surprised (2:05)
Witness (Walworth Road Rocker’s Dub) (2:43)
Guns Are Drawn (3:29)
Ug Beats (0:58)
Go In (2:32)
Party Hard (2:27)
This Way (3:38)
Hold On (3:20)
Fame And Money (1:46)
Face Smacker (0:48)
Hip Hop (3:35)
Stand By (3:50)
G.D.M.F.S.O.B. (UNKLE Uncensored Mix) (4:19)
Rocker (1:38)
Time Is My Everything (Scratch Perverts Vocal Mix) (3:31)
The National Anthem (5:37)
Pack Of Wolves (Pendulum Remix) (2:29)
Get Ill (2:53)
Slippery Slope (1:47)
Gimme Da Gal (3:40)
Another Planet (2:41)
A Modern Way V.I.P. (3:43)",fabriclive/2005 - FabricLive 22 - Scratch Perverts
60615,FabricLive. 23,Death In Vegas,Electronic,"Techno, Electro, Electro House, Acid, Minimal",2005,"Science With Synthesizers (1:55)
Zugaga (6:45)
Ana Tak 2 (1:57)
Heil Xanax (1:15)
Lost In Sound (4:19)
Cheap Therapy (2:58)
Alleys Of Your Mind (2:29)
Think Like Us (Think Like Ectomorph Version) (4:24)
Phlogiston (3:21)
Acid In My Fridge (3:52)
Marionette (7:47)
Neds (4:45)
Pele Bloss (5:11)
Reigen (Acid Mix) (3:23)
Accent (3:36)
Don't Trust Your Computer (4:26)
Natja (Scorpio Rising Mix) (3:03)
Typerope (3:05)
Jenna (3:33)",fabriclive/2005 - FabricLive 23 - Death in Vegas
151158,FabricLive. 24,Diplo,"Electronic, Hip Hop, Rock","Electro, Breaks, UK Garage, Ragga HipHop, Techno, Alternative Rock, Synth-pop",2005,"Love 4 The World (Why They Gotta Hate?) (3:27)
Turnin' Me On ()
My Chrome (1:50)
Clear (2:44)
Don't Go (Re-Re-Mix) (2:25)
When I Hear Music (3:19)
Don't Stop The Rock (3:05)
Al-Naafiysh (The Soul) (3:01)
Nightdrive (Thru Babylon) (2:18)
Windowlicker (1:01)
Percolator (1:49)
This Is Sick (2:50)
Love Guide (2:11)
What's Your Fantasy (3:26)
Percão (2:18)
Vem Cristiano (2:02)
Cria Asa Periquita (2:21)
Ô Darcy (2:34)
Way More (Remix) (2:21)
Bucky Done Gun (Acapella) ()
Destruction VIP (3:13)
Lovesong (Extended Mix) (2:41)
B.O.B. (4:13)
Deceptacon (3:10)
Hurricane (3:16)
Freaks (2:39)
Notorious (2:19)
Free (3:17)",fabriclive/2005 - FabricLive 24 - Diplo
48417,FabricLive. 25,High Contrast,Electronic,"Drum n Bass, Jungle",2005,"8ball (2:48)
Power Ballad (3:16)
Restart (4:00)
Life Rhythm (2:54)
Flashback (2:32)
Desperate Housewives (2:11)
Nxt 2 U (2:21)
Ghetto Blaster (3:27)
Woe (2:11)
Strength 2 Strength (3:16)
The Big Picture (3:16)
Love Insane (2:11)
Soul Function (4:00)
Solar Burn (2:11)
Summer Sun (4:22)
What's Happening? (1:49)
Real McCoy (4:00)
Bitch I'm Gone (3:16)
Going In Circles (A.I. Remix) (2:54)
Hell Hath No Fury (3:05)
Rapture (6:09)
Days Go By (5:28)",fabriclive/2005 - FabricLive 25 - High Contrast
34559,FabricLive. 26,The Herbaliser,"Electronic, Hip Hop, Funk / Soul","Hip Hop, Breaks, Instrumental, Cut-up/DJ, Acid Jazz, Soul, Ragga HipHop, Funk, Electro, Freestyle, Miami Bass, House",2006,"Dogz N Sledgez (3:33)
Southern Lady (3:15)
Ghostwriter (3:38)
Ground Zero (Acapella) ()
Alphabet Man (1:17)
I Got An Attitude (2:11)
Surprize (3:00)
None Other (2:55)
3 Feet Deep (Instrumental) ()
Talkin' Loud And Sayin' Nothin' (1:43)
Welly Wanging (1:44)
Play This (One) (1:32)
Paid In Full (Seven Minutes Of Madness - The Coldcut Remix) (3:05)
Glimity Glamity (4:49)
I.D.S.T. (2:47)
Spin It Round (3:34)
It's Great To Be Here (2:19)
Family Rap (4:50)
It Takes A Seven Nation Army To Hold Us Back (2:47)
Gadget Funk (3:53)
Mr Matatwe (Keep It Up) (2:23)
Keeping It Real? (1:10)
Boom! (2:21)
Just Give The DJ A Break (12"" Club Version) (2:31)
Newsflash (2:48)
Booty La La (6:08)",fabriclive/2006 - FabricLive 26 - The Herbaliser
204708,FabricLive. 27,DJ Format,"Electronic, Hip Hop, Jazz, Funk / Soul","Instrumental, Conscious, Breaks, Soul, Cut-up/DJ, Funk, Soul-Jazz",2006,"33% B-Boy (3:23)
U. D. In Brasil (1:32)
Do That There (2:24)
3ft Deep (3:09)
SNT (Live At The Peace Pipe ’93) (2:22)
Beats & Pieces (1:13)
Bristol Fingers (2:55)
Root Down And Get It (1:59)
Get Wise ’91 (3:08)
Changes (3:58)
Sunshine Of Your Love (3:08)
Hot Rod Poppa (2:42)
The Slip (3:17)
Save Me (James P. Nichols Remix) (3:22)
Indian Rope Man (2:51)
Sweet Bacon (2:56)
Breakdown (3:19)
Toe Hold (Live At The Bitter End, New York) (2:37)
Put Some Grit In It (2:36)
Give Me Mercy (2:23)
I Need Someone (3:04)
Slinky (2:58)
Dancing Drums (2:38)
Night Owl (2:47)
Rock And Roll (3:23)",fabriclive/2006 - FabricLive 27 - Dj Format
118709,FabricLive. 28,Evil Nine,"Electronic, Rock","House, Punk, Tech House, Breakbeat, Electro, Synth-pop",2006,"Where Is It? (Evil Nine Remix) (6:33)
Clik (2:54)
Ready To Uff (2:32)
Round And Round (Switch Remix) (4:58)
Anger Man (Riton Re-Rub) (3:38)
The Boy Who Ran Away (Riton Extended Dub) (4:32)
Kickschool 79 (5:05)
Erotic Discourse (3:52)
Volta 82 (3:45)
The Dogs (5:05)
John's Addiction (5:05)
Technologic (Digitalism's Highway To Paris Remix) (4:54)
The Fallen (Ruined By Justice) (3:09)
All I Wanna Do Is Break Some Hearts (Boys Noize Remix 2) (2:54)
What's Your Damage (Digitalism Remix) (5:05)
Nowhere Girl (Freeland Remix) (5:49)
London Calling (3:30)",fabriclive/2006 - FabricLive 28 - Evil Nine
95261,FabricLive. 29,Cut Copy,"Electronic, Rock","Indie Rock, Italo-Disco, Disco, House, Electro, Synth-pop",2006,"I Wish You Were Gone (5:14)
Future Unlimited (2:22)
Disco Clown (2:20)
Hello Empty Room (3:44)
Future Unlimited ()
Get Dancey (4:29)
Bang Bang (2:00)
Slide In (DFA Remix) (3:19)
Dead Eyes Opened (Extended Mix) (3:15)
Out The Door (Super Discount Remix) (3:45)
Face To Face (3:06)
Truth And Lies (1:34)
Work On You (3:46)
Stop (2:13)
Your Retro Career Melted (Ursula 1000 Urgent / Nervous Remix) (2:41)
E Talking (Tiga's Disco Drama Remix) (2:01)
Into The Groovey (1:27)
Waters Of Nazareth (Erol Alkan's Durrr Durrr Durrrrrr Re-Edit) (1:31)
Eisbär (2:32)
The Acid Never Lies (2:44)
Shadows (3:59)
Omega Man (4:29)
Champu (1:32)
Angel Eyes (2:34)
Going Nowhere (Whitey Remix) (4:51)
Dream Sequence (0:42)",fabriclive/2006 - FabricLive 29 - Cut Copy
154495,FabricLive. 30,Stanton Warriors,Electronic,"Breakbeat, House, Breaks, Electro, Tech House",2006,"Planet Sonic (5:04)
Bump (Acapella) ()
Club Therapy (Stanton Warriors Remix) (5:01)
Mandarine Girl (4:20)
Bonus Beats ()
Make 'Em Shake It (Stanton Warriors Remix) (5:44)
Bollywood Beatdown (4:27)
Who's Afraid Of Detroit? (Stanton Warriors Remix) (4:48)
Flamed Up (3:31)
Pop Ya Virus (4:25)
Touch It Beats (3:35)
Shake It Up (Acapella) ()
Tricky (3:21)
The Machine (5:30)
Still Here (Acapella) ()
Night Mover (3:49)
Dip & Get Low (Deekline & Wizard Remix) (5:01)
No More Conversations (Mylo Remix) (4:48)
Bonus Beats ()
To The Left (Stanton Warriors Remix) (6:18)
Shake That Ass Bitch (3:56)",fabriclive/2006 - FabricLive 30 - Stanton Warriors
62787,FabricLive.31,The Glimmers,Electronic,"House, Dub, Electro, Disco",2006,"Same Old Scene (Glimmers Remix) (4:12)
Wet Job (3:03)
Things That Dreams Are Made Of (Instrumental Remix) (3:41)
No Way Back (4:02)
Kobe's In Columbia (2:18)
En Real Tjukkas (2:01)
The Word (The Dub) (3:46)
Dance Me In (JD Twitch And The Truffle Club's Optimo Remix) (3:48)
The Gathering (2:44)
Love Kills (More Oder Rework By The Glimmers) (4:37)
Boy Bitten By Lizard (Padded Cell Remix) (2:57)
I.O.U. (I.Dub.U.) (3:47)
Reckless (2:14)
Din Daa Daa (2:43)
Disco Infiltrator (4:49)
Bad Man (Black Dog Bite Mix) (1:55)
Sticks Man (1:38)
Bad Man (Black Dog Bite Mix) (2:03)
My Speedboat Is Faster Than Yours (3:20)
Messe Pour Le Temps: Too Fortiche (2:56)
Monkey Star (6:31)",fabriclive/2006 - FabricLive 31 - The Glimmers
109507,FabricLive. 32,Tayo,"Electronic, Folk, World, & Country","Breaks, Dubstep, Hip Hop, Breakbeat, Electro, Kuduro",2007,"Dread Cowboy (5:12)
The Curse ()
Step Back (Deekline Remix) (3:27)
Putaria Toda Hora (2:13)
Tote It (1:07)
Blaze N Cook (Radio Slave Remix) (4:41)
Com Respeito (2:27)
Ready For This (Baobinga Mix) (3:24)
Choppa Riddim (1:27)
Woppa (4:51)
Move Up (Club Mix) (4:34)
Open The Jowls (3:20)
Jump (2:40)
Comb 60's (1:55)
Dutty Bomb (4:31)
Vicious Exit (3:37)
Soul Fire (2:20)
More Than Money (3:48)
Lightning (1:49)
Neverland (3:58)
Loveage (4:55)
Anti War Dub (5:53)",fabriclive/2007 - FabricLive 32 - Tayo
123512,FabricLive. 33,Spank Rock,"Electronic, Hip Hop, Funk / Soul","Freestyle, House, Bounce, Disco, New Wave, Tech House, Breakbeat, Cut-up/DJ, Electro, Hip Hop, Rhythm & Blues, Synth-pop, Electroclash, Speech",2007,"Intro (0:42)
The Breaks (1:43)
Let's Make Love And Listen To Death From Above (Spank Rock Remix) (2:25)
Nazis (Justice Mix) (1:04)
The Dominatrix Sleeps Tonight (1:36)
Bostich (2:57)
Bongo Song (1:45)
I'm Ready (4:32)
Technologic (1:08)
A Bit Patchy (2:22)
Do You Love Me (2:34)
Drop The Pressure (2:43)
Owner Of A Lonely Heart (3:33)
Dudun Dun (1:03)
Myself (XXXchange Remix) (0:55)
Good Man (1:23)
Hot Chick (Feadz Edit) (0:43)
Orange Alert (DFA Remix) (1:30)
Love On A Real Train (1:32)
Hustler (3:48)
Talking In Your Sleep (3:14)
Wordy Rappinghood (The Playgroup Remix) (2:31)
Melô Do Tabacco (XXXchange Remix With The Ford Granada) (2:47)
Stock Exchange (3:49)
Hustlin' (2:02)
Over And Over (Maurice Fulton Remix) (5:37)
I.C. Love Affair (5:52)
Love To The World (4:56)
Outro (0:28)",fabriclive/2007 - FabricLive 33 - Spank Rock
164473,FabricLive. 34,Krafty Kuts,"Electronic, Pop","Breakbeat, House, Breaks, Electro",2007,"Intro (Fabric Live Mix CD Version) (1:35)
Jelly (0:08)
What I'm After (Acapella) (2:00)
She Says (0:46)
The Message (Acapella) (3:29)
Move Your Body (3:19)
Minimal (3:53)
It's The Weekend (4:59)
Bass Phenomenon (VIP Mix) (4:04)
Thru The Door (4:07)
At Night (Beat Vandals Remix) (3:46)
Beer Chucker (3:24)
Disto Funk (2:33)
Tweaked Out (2:40)
Freakshow (VIP Mix) (4:13)
Listen To The Baddest (3:15)
Roger Milla (3:23)
Takin' Over (3:03)
Is She Really Going Out With Him? (0:07)
One In The Front (Acapella) (2:20)
Twisted (Tom Real And Rogue Element Mix) (3:48)
Have A Good Time (3:19)
In Love With You (Inst.) (0:16)
There They Go (Acapella) (4:43)
Funky Jam (3:56)",fabriclive/2007 - FabricLive 34 - Krafty Kuts
64958,FabricLive. 35,Marcus Intalex,Electronic,Drum n Bass,2007,"Overeaction (4:15)
All The Days (2:12)
Global Enemies (4:25)
Faceless (Marcus Intalex Remix) (4:25)
Come Here (4:03)
Smash V.I.P. (2:57)
Self Belief (2:33)
Hustlin' (4:37)
Mr Right On (2:12)
Synesthesia (Theory Remix) (5:42)
Clarendon (5:42)
Allegiance (4:25)
Refusal (3:41)
Time To Fly (2:57)
Feeling Blue (5:31)
Pacific Heights (3:41)
Apocalypse (3:52)
Groove Me (4:58)
Solitary Native (5:10)",fabriclive/2007 - FabricLive 35 - Marcus Intalex
120797,FabricLive. 36,"James Murphy, Patrick Mahoney",Electronic,"House, Disco",2007,"Beginning Of The Heartbreak (4:53)
Primetime (Uptown Express) (2:02)
Love Has Come Around (4:46)
I Got My Mind Made Up (2:35)
I Feel Your Love Comin’ On (2:42)
Tell Me That I’m Dreaming (1:22)
Lies (3:03)
Adventures In Brickett Wood (Layne’s Head Stash Re-roll) (2:08)
Butter Up (Gimme Some Bread) (1:17)
You Got Me Running (3:20)
Like Some Dream (I Can’t Stop Dreaming) (2:10)
Cowboys And Gangsters (3:34)
Still Going Theme (3:34)
Tablakone (3:20)
Keep On Move (2:18)
Just As Long As I’ve Got You (2:56)
Everybody Get Down (2:51)
I Need You Tonight (4:38)
Hippie Priest Bum-out (3:12)
Dance To The Music (Dub Version) (3:49)
I Feel Good, Put Your Pants On (4:07)
I Love Music (3:00)
Life Is Something Special (2:19)
Don’t Don’t (1:26)",fabriclive/2007 - FabricLive 36 - James Murphy & Pat Mahoney
13611,FabricLive. 37,"Caspa, Rusko",Electronic,Dubstep,2007,"Born To Do It (3:09)
Girl From Codeine City (2:41)
Cockney Violin (2:41)
Round The World Girls (Tes La Rok Remix) (1:59)
Jahova (1:48)
The Terminator (2:27)
The Legacy (1:14)
50K VIP (1:13)
Africa VIP (3:34)
V (0:53)
Big Headed Slags (2:10)
Too Far (2:00)
SpongeBob (1:20)
Louder (3:35)
Well 'Ard (2:27)
The Drop (2:17)
Hammer Time (2:32)
Mr Chips (2:13)
Look At My Eyes (1:47)
Fun House (0:53)
2 N A Q (1:25)
Cockney Thug (2:05)
Cockney Thug (Buraka Som Sistema Remix) (2:14)
Guru (Power Hour) (2:12)
Beta Max (2:41)
I'm Lovin' (2:30)
Rock Bottom (3:23)
Rainbow Tear Drops (3:06)
Forever (6:49)",fabriclive/2007 - FabricLive 37 - Caspa & Rusko
112625,FabricLive.38,DJ Craze,Electronic,"Freestyle, Breaks, Electro, Hip Hop",2008,"Intro (1:50)
Set It Off (2:17)
I Rock (2:13)
Black Mags (2:39)
Loose (3:23)
My Part Of Town (3:01)
Miami Vice Theme (1:20)
Pretty Girls (3:25)
Shake It To The Ground (Acapella) ()
Ho Fo Sho (3:07)
Security (2:33)
Bonafied Lovin' (Eli Escobar Remix) (3:19)
Cross The Dancefloor (2:49)
Supastarr (1:01)
True Skool (Switch Remix) (2:51)
Brazilian Rhyme (3:00)
I Want Your Soul (2:44)
When I Hear Music (1:30)
Magic Mike Cutz The Record (1:48)
Body Mechanic (2:47)
Red Alert (1:16)
Give It All To Me (2:29)
Shake That (2:14)
Lindsay Lohan's Revenge (Klever Remix) (2:12)
Big Truck (1:56)
Get Yourself High (Switches Rely On Rub) (2:16)
Pro Nails (Remix) (3:07)
Pushin' (Deekline, Wizard & Freq Nasty Mix) (3:49)",fabriclive/2008 - FabricLive 38 - Dj Craze
48420,FabricLive.39,DJ Yoda,Electronic,"Breakbeat, Freestyle, Drum n Bass, Hip Hop, Experimental",2008,"Intro (2:44)
Judgement Day (Donkey Work Re-Edit) ()
Blister In The Sun (2:22)
Tika Toc (3:03)
Holy Calamity (Bear Witness II) (2:20)
Jackin' For Beats (2:21)
It's All Love (2:27)
Swing Set (3:03)
Sexual Healing (2:21)
Crumbs On The Table (3:17)
Just To Get A Rep (1:29)
E.V.A. (3:20)
Bonus Beats ()
Salmon Dance (2:43)
In The Morning (1:35)
Poison (1:59)
Bonus Beats ()
It's Tricky (3:13)
Push It (3:12)
Bonus Beats ()
Tear Da Club Up (2:35)
Marina Gasolina (1:58)
Lovin' You (2:13)
Bonus Beats ()
Come Around (3:57)
Chatterbox (3:14)
Circles (1:46)
Super Sharp Shooter (3:45)
Gangsters (3:06)
Make Me ()
Tip-Toe ()
London Is The Place For Me (2:45)",fabriclive/2008 - FabricLive 39 - Dj Yoda
162948,FabricLive.40,Noisia,Electronic,Drum n Bass,2008,"Cannonball (0:44)
Stompbox (Spor Remix) (0:44)
Alive (1:06)
Anti Social (2:36)
Splash Step (2:36)
Diplodocus (Dub) (2:33)
Claret's March (1:31)
Head Knot (1:40)
The Tide (2:25)
Nowhere (1:39)
The Feed (1:41)
Global (1:40)
Cold Champagne (2:36)
Panic (1:09)
Infusion (3:23)
Split The Atom (Instrumental) (4:49)
Mordez Moi (2:53)
Seven Stitches (4:58)
Brown Time (3:24)
Stigma (Dub) (2:48)
Alice (Noisia Remix) (4:04)
Concussion (1:23)
Façade (VIP) (1:56)
Medicine (Matrix Remix) (1:45)
Mudslide (3:14)
Viperfish (VIP) (1:17)
Crank (Dub) (1:56)
Creep Out (2:30)
Square Feet (3:44)",fabriclive/2008 - FabricLive 40 - Noisia
565025,FabricLive.41,Simian Mobile Disco,"Electronic, Rock, Classical","House, Disco, Techno, Ambient, Electro, Minimal, Modern Classical, Musique Concrète, Experimental, Art Rock",2008,"The Firebird – Infernal Dance Of King Kastechi (Clean Version) (0:13)
The Don (2:51)
Simple (4:30)
Blind (Serge Santiago Version) (6:26)
Space Warrior (2:41)
Joystick (3:47)
Chasm (5:14)
Up Tool (1:38)
Miura (3:32)
Crack EL (2:31)
Suite Equestria (2:45)
Huncut Hacuka (3:31)
Aemono (2:44)
The Reward Is Cheese (3:31)
Sleep Deprivation (Simon Baker Remix) (4:58)
The Chomper (LSD Version) (3:27)
Cindy Electronium (2:13)
Erotic Discourse (2:27)
Pitch Control (1:13)
Spastik (1:58)
Flash (5:58)
Nite Flights (Album Version) (3:57)",fabriclive/2008 - FabricLive 41 - Simian Mobile Disco
15601,FabricLive.42,Freq Nasty,Electronic,"House, Grime, Dubstep, Breakbeat, Speed Garage, Ghettotech",2008,"Not In Our Name - Pledge Of Resistance (1:43)
Creator (2:56)
Peacemaker (3:01)
Duckalicious (Baobinga's Thugalicious Remix) (2:53)
Bring It On (Rusko's Granny Smasher Remix) (1:48)
If You Can't Beat Em (2:04)
House Music (3:47)
Change The Game (3:26)
Lower State Of Consciousness (Original Munich Version) (3:33)
2 Faced Rasta (Reso Remix) (3:37)
God Smiled (Remix) (3:53)
March Of The Soundbwoyz (0:56)
Come Let Me Know (Acapella) (2:19)
State Of Ghetto Jackin (2:22)
Thunder Gutter (Dub) (3:57)
Living Like A Hustler (2:50)
Sound OF Da Police (Freq Nasty Breakbeat Bacon Mix) (3:08)
How You Like Me Now? (Rico Tubbs Gangsters Mix) (3:46)
Kaslemba Wegue Wegue (Reso's Aguadente Mash Mix) (3:04)
Snared (Freq's Donkey Kong Mix) (2:16)
Oi! Killa! (3:08)
Viva Tibet (3:59)
Godda Get It (4:03)
Above & Beyond Dem (4:15)",fabriclive/2008 - FabricLive 42 - Freq Nasty
148195,FabricLive.43 - Switch & Sinden Present Get Familiar,"Switch, Sinden",Electronic,"House, Grime, Dubstep, Breakbeat, Electro, Speed Garage",2008,"Center Stage (3:20)
Club Action (3:21)
Have A Good Time (The Count & Sinden Mix) (3:08)
This Aint Hollywood (2:25)
African Chant (2:10)
Township Funk (Sinden Remix) (3:21)
Balle! Shava! (Sinden Remix) (3:39)
Highly Explicit (Brodinski Remix) (2:28)
Luanda - Lisboa (3:40)
Secousse (Instrumental Version) (3:26)
Nightwatcher (Show Me) (Instrumental) (3:28)
From Day ()
Gully Brook Lane (1:48)
AWOH (2:32)
Fick (1:50)
Strange Fruit (3:40)
Hybrid (3:26)
Drop The Pressure (3:26)
Giggle Riddim (3:13)
Overpowered (Hervé & Roisin In The Secret Garden Remix) (4:15)
Beat Bang (3:48)
Let's Finish (Sinden Remix) (3:32)
Couleurs (4:54)
Redlights (3:46)",fabriclive/2008 - FabricLive 43 - Sinden (Switch & Sinden Present Get Familiar)
204765,FabricLive.44,Commix,Electronic,Drum n Bass,2009,"Life We Live (5:11)
Sometime Sad Day (2:32)
Creatures Of Habit (4:21)
The Reckoning (2:21)
The Causeway (1:59)
Murderation (2:54)
Justified (3:16)
Buried (3:16)
Can't Get Over You (3:05)
Dangerous (2:54)
Belleview (dBridge's Belle-reviewed Mix) (3:59)
Suppression (3:59)
In Denial (2:10)
Bear Music (2:10)
No Sunrise (3:16)
Common Origin (3:59)
Old School Ting (2:32)
No Future (3:16)
Yendi (2:10)
Photograph (5:30)",fabriclive/2009 - FabricLive 44 - Commix
166098,FabricLive.45,A-Trak,Electronic,House,2009,"Say Whoa (3:15)
You Can't Hide From Your Bud ()
Oh! (A-Trak Remix) (3:52)
Mothership Reconnection (Daft Punk Remix) (2:20)
Get On Down (2:29)
Sweet Mother (House Version) (2:59)
I'm The Ish (2:30)
Heartbreaker (Diskjokke Remix) (3:48)
Peep Thong (2:00)
Forza (Original) (2:52)
Aurora (3:30)
AA 24/7 (3:35)
Move Move (DJ Observer & Daniel Heathcliff Remix) (2:29)
Church Of Nonsense (2:30)
Shake It Down (4:39)
Acid Life (Nachos 909 Dub) (1:29)
The Chase (1:39)
Paris (Aeroplane Mix) (4:29)
Veronica's Veil (Erol Alkan's Extended Rework) (3:45)
Plastik (Todd Terje's Turkatech Remix) (2:52)
Tobacco Ties (1:33)
Juke Dat Girl (2:38)
The Book Is On The Table (1:55)
Body Jackin' (2:09)
Do Dat (1:39)
138 Trek (2:45)",fabriclive/2009 - FabricLive 45 - A-Trak
151136,FabricLive 46,LTJ Bukem,Electronic,Drum n Bass,2009,"Peoples Music (3:59)
Impressions (4:19)
Eerie Indiana (3:37)
Inflated Tear (Madcap's Remix) (5:02)
Forever (2:53)
Lay Down (3:36)
Sweet And Fresh (3:36)
2 Minds (5:03)
Time (3:36)
Jambaleno (3:13)
Fact Of The Unknown (3:37)
Rhodeo Drive (2:58)
Kodama (4:40)
Fearz (2:42)
Turn It Around (4:18)
I'm Not Where You Are (3:57)
Rhodes For D (4:19)
So In Need (6:11)",fabriclive/2009 - FabricLive 46 - LTJ Bukem
171921,Fabriclive 47,Toddla T,Electronic,"Drum n Bass, Grime, Dubstep",2009,"Love Action (4:43)
Stepping Stone (Cavemen Remix) (3:36)
Tigris Riddim (3:12)
Baddest Ruffest (Pipes & Slippers Mix) (3:50)
Rice And Peas (3:13)
Amen (3:27)
Boom DJ From The Bristol City (2:03)
Boom DJ From The Steel City ()
Offline VIP ()
Manabadman (Andy George Refix) (2:32)
Shake It (Martelo Megashake) (1:03)
Cure And The Caus ()
Emotions (Geeneus Mix) ()
Funky Flex ()
The Way He Does (Toddla T Remix Ft Serocee) (3:24)
Millionaire Bingo (1:41)
Who Wants To Be A Millionaire ()
Get Up (Diplo Mix) ()
Lonely Days (Instrumental Exclusive 4 Toddla T) (2:35)
Beyond Words (Wittyboy Remix) (3:54)
Toddla T Special (4:09)
Anaconda Safe (2:06)
Safe ()
Anaconda VIP ()
Tic Toc (J Needles Driver Blend) (2:46)
TicToc ()
Pulse X ()
Sticky Situation (3:00)
Right Leg Shuffle (3:43)
4 Real (2:32)
Rebel (Skream Remix) (6:16)
I Remember (Caspa Remix) (5:30)",fabriclive/2009 - FabricLive 47 - Toddla T
594569,FabricLive 48,Filthy Dukes,"Electronic, Rock","Indie Rock, House, Disco, Techno, Electro, Minimal",2009,"This Rhythm (Emperor Machine Remix) (2:59)
You'll Disappear (3:40)
The Plot (Discodeine Remix) (2:48)
Learn To Lose (Filthy Dukes Remix) (2:25)
Beat The Clock (3:15)
Most Wanted (3:02)
Kilometer (Aeroplane Mix) (4:32)
Miss Mars (3:11)
Twenty Six Hundred (Album Version) (2:23)
Serenity (Noob Remix) (3:54)
Reality Check (Vincenzo Remix) (2:46)
Township Funk (2:31)
Control (Original Mix) (2:16)
Peanuts Club (3:31)
Watermelon Bubblicious (3:39)
Worth It Part 1 (3:01)
Windowlicker (2:54)
What You Need (Proxy Remix) (3:49)
Robot Rock (Soulwax Remix) (2:19)
Pourriture 7 (2:24)
Tonight's Today (3:04)
Sequencer (4:21)
Messages (Filthy Dukes Kill Em All Remix) (4:25)",fabriclive/2009 - FabricLive 48 - Filthy Dukes
381195,FabricLive. 49,Buraka Som Sistema,"Electronic, Hip Hop, Folk, World, & Country","Breakbeat, Breaks, Zouk, Kuduro",2009,"Gone Too Far (Buraka Som Sistema Remix) (2:58)
General (Stenchman Mix) (1:25)
General (L-VIS 1990 Mix) (1:59)
Tsu Bo (1:23)
Pausa (1:30)
Kurum (Roulet Mix) (2:39)
Underground Sound (1:55)
Hey (2:41)
IC19 (A1 Bassline Attack Mix) (3:55)
United Groove (Buraka Som Sistema Remix) (2:53)
Fick (2:17)
Mermaid Dub (3:05)
Dynamite Sandwich (1:56)
Rock Yo Hips (1:48)
Danca Da Mae Ju (Buraka Som Sistema Edit) (1:01)
Bazuka (Quem Me Rusgou?) (1:53)
Afro Nuts (Douster Remix) (2:52)
Joga Bola (2:00)
Aqui Para Voces (Buratronic Mix By Buraka Som Sistema) (3:04)
Gum Attack (2:12)
Caked (2:49)
Kalema (Wegue Wegue) Acapella ()
Run For Cover (Dub Mix) (2:20)
Machete (2:24)
Puto Mekie (2:57)
Luanda-Lisboa (Nic Sarno Mix) (3:36)
Stickin (2:27)
Bruk Out (Buraka Som Sistema Mix) (5:11)
Tiroza (Bert On Beats Remix) (4:17)",fabriclive/2009 - FabricLive 49 - Buraka Som Sistema
246840,FabricLive. 50,"D-Bridge, Instra:mental",Electronic,"Drum n Bass, Downtempo, Experimental, Halftime",2010,"Seems Like (4:08)
From The Start (3:23)
Pushed (1:07)
Nu Este Roz (2:38)
Starkwood (Consequence Remix) (1:30)
Ochre (2:49)
Lover Shell (2:15)
Sky's Alight (Dub) (1:52)
Self Control (2:49)
Distorted Dreams ()
Go (Acapella) (3:00)
End Credits (3:00)
Watching You (1:52)
Fist (Level 2B Mix) (3:00)
11 Circles (ASC Remix) (2:15)
I Know (3:00)
Encke Gap (3:45)
Farah's Theme ()
Inner Disbelief (Acapella) (3:00)
Down With You (3:00)
Tense (D-Bridge Remix) (1:52)
No Future (Consequence Remix) (3:23)
Living Proof (1:52)
Reflex Reaction (2:15)
Phobos (1:52)
Fire Call (1:52)
Machine Made (2:15)
Love Hotel (2:38)
The Dim Light (1:02)
Eclipse (1:35)
Ubiquity Incident (1:30)
Abysmal Depth (1:30)
Gen Ohn (Screwed Version) (1:40)",fabriclive/2010 - FabricLive 50 - dBridge & Instramental Present Autonomic
309402,FabricLive.51,Duke Dumont,Electronic,"Techno, Electro, Tech House",2010,"Come Into My Life (5:33)
Reality Check (Vincenzo Remix) (5:07)
Imitation Dub (5:21)
Debbie Downer (4:27)
On The Streets (Kollektiv Turmstrasse Let Freedom Ring Mix) (6:59)
Attraction (6:04)
We Bring U Muzik (5:38)
They Came From Outer Space (3:54)
Bathroom Gurgle (Duke Dumont Remix) (4:43)
Hundreds And Thousands (6:02)
Ryozen (3:44)
K&G Beat (2:38)
Landscapes (7:09)",fabriclive/2010 - FabricLive 51 - The Duke Dumont
2396014,FabricLive. 52,Zero Tolerance,Electronic,Drum n Bass,2010,"A Certain Sound (Alaska & Paradox Lost DAT Mix) (0:54)
Watch Your Step (Need For Mirrors VIP Mix) (2:32)
Seven Segments (2:54)
Positive Education (Zero T Remix) (2:13)
You Are Being Lied To (2:11)
Ocular (1:49)
Guessing Games (1:49)
Speed Of Light (1:49)
Heaven (2:32)
Distrust (1:49)
Wine (2:53)
Stars (Zero T Remix) (2:53)
Sick In The Head (1:51)
Everything (& U) (3:37)
Audio Assault (2:54)
The Limit (4:43)
When Love (1:05)
Walk Away (Zero T Reprint) (3:37)
Dubsoca (2:54)
Japanese Electronics (Instra:mental Remix) (3:37)
Down (2:34)
Xylophobia (2:44)
Pum Pum Beat (0:54)
Little Man (Exemen Remix) (1:23)
Missing You (3:53)
Space Dub (2:44)
21 (4:11)
Reach (1:20)
Green Lanes (3:29)",fabriclive/2010 - FabricLive 52 - Zero T
1434017,Fabriclive. 53,Drop The Lime,"Electronic, Hip Hop","Dubstep, Deep House",2010,"Ghoster (3:01)
Jackit (Drop The Lime Remix) (3:14)
Bombay (Nadastrom Remix) (1:34)
Everybody Bleeding (2:10)
Thwomp Stomp (3:22)
Ewid Disco (2:24)
Hot Sauce Grillz (2:39)
This Is Acid (2:13)
Anaconda (1:26)
Bubonic (Drop The Lime Remix) (2:51)
Terence Hill (French Fries Remix) (2:40)
911 VIP (2:01)
Sex Sax (Club Mix) (3:05)
(We're Gonna) Rock Around The Clock (0:57)
I Want Candy (1:48)
Centavo (2:39)
Kolkata (Sticky Version) (3:50)
Barbie Weed (1:41)
Square One (L-Vis 1990 Remix) (3:57)
No Way Back (2:53)
Dirty Blonde (Drop The Lime Remix) (2:42)
Brrrap! (1:39)
State Of Ghetto Jackin' (TRG Remix) (1:56)
Calm Down Part 3 (3:06)
Youth Blood (Villa Remix) (1:15)
Set Me Free (Reso Remix) (4:56)",fabriclive/2010 - FabricLive 53 - Drop The Lime
294457,Fabriclive. 54,David Rodigan,"Electronic, Reggae","Dub, Roots Reggae, Dancehall",2010,"King Tubby Meets Rockers Uptown (2:34)
Waterhouse Rock (2:43)
Kingston Town (3:07)
August Town (3:50)
Borderline (3:49)
Live Mi Life (3:16)
Ghetto Story (4:07)
Don Dada (3:22)
Bandelero (4:02)
Bucket Bottom (4:29)
Roots Of Dub (3:09)
He Prayed (Dubbed) (3:03)
Ring The Alarm (3:06)
Help Me Praise Jahovia (4:04)
Plead My Cause (4:41)
Can You Play Some More (3:53)
Stop That Train (4:03)
Black Board (3:58)
Church Heathen (4:00)
Come Around (3:38)
Police In Helicopter (3:16)",fabriclive/2010 - FabricLive 54 - David Rodigan
306524,Fabriclive. 55,DJ Marky,Electronic,Drum n Bass,2011,"By Your Side (5:07)
Rolling Times (3:56)
Yellow Shoes (1:48)
Bright Lights (Rollers Mix) (3:46)
Chess Funk (2:51)
Section (3:13)
Will You Still Love Me? (4:17)
Untold (4:50)
Even If (5:44)
T1 (1:47)
Notes From The Block (2:09)
Millers (2:09)
Nowhere (1:47)
Motorway (3:56)
Steady (3:13)
Control (2:08)
Hotspot (2:30)
Matchstick V.I.P. (1:23)
Time After Time (2:36)
Brainstorm (4:01)
Cathedral (1:49)
Double Double (1:49)
Paulista Dub (2:11)
Mystic Sunset (3:56)",fabriclive/2011 - FabricLive 55 - Dj Marky
2701526,Fabriclive 56,"Pearson Sound, Ramadanman",Electronic,"Dub, Techno, Dubstep",2011,"Hawker (2:34)
Late Night Jam (2:22)
Music (2:25)
Everyday Madness (1:27)
Vanghoma (2:58)
Wad (Bonus Beats) (1:31)
Battle For Middle You (2:16)
Grab Somebody (3:13)
Void 23 (Carl Craig Re-Edit) (3:47)
Project (1:29)
GR Etiquette (Pearson Sound Symphonic Mix) (2:34)
Ruckas (Rob Kemp Remix) (2:23)
Bad Girl (Lil Silva Dub) (2:32)
Demons (2:27)
Night Mode (2:11)
Different Lekstrix (2:12)
Inna Daze (2:10)
Stifle (1:52)
From The Drop (2:14)
Qawwali (3:48)
J. Doe Them (2:15)
Picon (1:24)
Pirates (2:09)
Face [Junk] (1:23)
IRL (Original / Bok Bok Remix) (2:23)
Subzero (2:20)
Woooo (2:18)
Glut ()
Fuk Tha 101 (2:44)
City Cycle (3:11)
Claptrap (Tease) ()
Light Swells (In A Distant Space) (2:01)",fabriclive/2011 - FabricLive 56 - Pearson Sound & Ramadanman
2895660,FabricLive 57,Jackmaster,"Electronic, Hip Hop, Funk / Soul","Electro, House, Bass Music, Disco, UK Garage, Techno, Dubstep, Tech House, Acid, Garage House, Abstract",2011,"Release Yourself (3:55)
Big Fun (Magic Juan Remix) (2:18)
Classic Beat Tool (0:15)
Night Drive (Thru-Babylon) (2:53)
Nite Life (Armand's Retail Mix) (2:44)
Plugged In (2:14)
Alldayallnight (1:29)
2 4 6 (2:28)
Dougswana (Audiowhores Beats) (2:28)
Emotions (1:29)
The Sun Can't Compare (5:23)
Make Um Bounce (3:12)
Seekwal (2:58)
Shake That Ass Bitch (2:33)
Don't You Want It (4:15)
Little Man (Exemen Remix) (1:42)
Can You Feel It? (In House Dub) (1:41)
The Freaks (2:08)
The Vamp (Original Mix) (1:18)
Scrub Da Ground (1:47)
Jupiter Jazz (1:25)
What To Do (2:09)
Flash (2:38)
FUSE (3:31)
La Bomba (1:10)
Pussy Ride (3:15)
VBS Redlof B (1:49)
Doin' It Again (2:10)
Idioteque (4:11)",fabriclive/2011 - FabricLive 57 - Jackmaster
2511631,FabricLive 58,Goldie,Electronic,Drum n Bass,2011,"Twisted (3:40)
Celestial Navigation (4:45)
Lasers (1:28)
Lofar (4:01)
One Chance VIP (2:12)
The Mines (2:45)
Right Now (1:39)
The Gatekeeper (2:56)
Proteus (1:26)
Translation (1:28)
Metropolis (4:07)
Crowlin (1:50)
Patience VIP (2:12)
Focus (1:06)
Convulsions (2:34)
Doubts (2:12)
One DJ (1:06)
Hold It (1:50)
Redemption (Alix Perez Remix) (3:38)
Open Page (Subwave Remix) (2:56)
Cornered (2:14)
Alignment (Boddika Remix) (2:29)
Higher Forces (4:55)
Ev's Dead (3:17)
Old Headz (2:56)
Be True (2:30)
Timeless (3:54)",fabriclive/2011 - FabricLive 58 - Goldie
1315950,FabricLive 59,Four Tet,Electronic,"Downtempo, UK Garage, Deep House, Minimal, House",2011,"Intro (0:55)
Immersion Partielle (1:05)
First Born (2:45)
Feel Da Vibe (2:38)
101112 (2:45)
Pulse X (1:45)
First Born (Four Tet Remix) (4:32)
Sais (Dub) (2:54)
Mr Bean (2:17)
Webers (1:10)
Flav (Urban Myths Remix) (0:53)
Waiting (2:36)
Fabric (1:32)
The Continuing Story Of Counterpoint, Part Nine (1:55)
Dark Energy (5:28)
Percussions One (1:56)
Angie's Fucked (2:47)
Street Halo (5:15)
Cape Fear (1:53)
Higher Power (2:00)
Sieso (1:45)
Pyramid (7:30)
How I Program (0:46)
Hobson's Choice (Tune For Da Man Dem) (5:13)
Blackholes (1:23)
Outro (0:58)
Locked (8:31)",fabriclive/2011 - FabricLive 59 - Four Tet
462346,Fabriclive 60,Brodinski,Electronic,"Techno, Deep House, Tech House, Minimal, Disco",2011,"Silk (3:48)
Slow Dance (2:42)
Beach Party (2:42)
Workin & Steamin (4:45)
Fire In Vitro (2:14)
Purple Drank (3:17)
Iron (Gucci Vump Remix) (3:07)
Stalker Humanoid (2:54)
Heartbeat (Paul Woolford Remix) (2:34)
Petrified (3:37)
Paradox (4:17)
Tropical Sci Fi (Sam Paganini Remix) (2:00)
Hype-Nosis (3:31)
For The People (DVS1 For No One Mix) (3:12)
HF029A1 (1:15)
The Soloist (Reboot Remix) (4:16)
Body Acid (KiNK’s On Acid Remix) (2:53)
Control Movement (4:31)
I Still Love You (3:45)
Pyramid (2:46)
Brightside Of House (2:52)
Dark Place (3:28)
CLK Recovery (5:19)",fabriclive/2011 - FabricLive 60 - Brodinski
2511634,Fabriclive 61,Pinch,"Electronic, Hip Hop","Bass Music, Techno, Dubstep",2012,"Venom (Part 2) (1:45)
Slow Down (5:00)
Equalized #005B (4:22)
Love Like (Pinch Remix) (4:23)
Rooms Within A Room (2:45)
Natural Law (3:29)
In Dreams (4:24)
Swims (3:11)
Uncertain (1:28)
Hessra (0:59)
Acid Reign (Pinch's Dubplate Version) (4:10)
Broken (1:48)
Double Edge (Pinch Remix) (3:36)
480 BC (2:56)
This Is It VIP (2:42)
Mach (2:42)
Blue Meanie (2:05)
Get Serious (1:48)
A Case Of The Bleeps (2:42)
Pressure (2:59)
Promise A Secret (3:34)
Venom (Part 1) (1:46)",fabriclive/2012 - FabricLive 61 - Pinch
3463660,Fabriclive 62,Kasra,Electronic,Drum n Bass,2012,"Underpass (Alix Perez VIP) (2:36)
Detuned Souls (2:13)
Handmade (1:50)
Micro Organism (2:13)
The Cleaner VIP (1:51)
Oblique VIP (2:58)
Uprising (2:13)
Myriads (Jubei Remix) (2:13)
Soundwaves (1:51)
Pressure Plate VIP (2:13)
Codec (3:43)
Make My Drink (1:51)
So Real (1:29)
Machines (2:13)
Obsession (Foreign Concept Remix) (2:58)
Back To The Jungle VIP (1:51)
New Beginning VIP (1:29)
MPD (1:51)
Mob Justice (Enei Remix) (2:58)
Version (3:20)
We R The Ones (Ulterior Motive Remix) (2:36)
Regain Control (2:58)
Resources (2:36)
Killswitch Engage (2:33)
Count To Ten (3:01)
Pursuit (2:35)
Play This Game (2:14)
No Fear (Spectrasoul Remix) (1:51)
Timbre VIP (3:40)",fabriclive/2012 - FabricLive 62 - Kasra
520634,Fabriclive 63,Digital Soundboy,Electronic,"Drum n Bass, Grime, Dubstep",2012,"Funkier Than A Mosquito's Tweeter (2:23)
Gumbai (2:13)
Heavy Water Riddim (1:28)
Body Language (1:25)
Lezgo (1:02)
The Oracle (1:27)
Face Up (0:57)
Red (1:46)
Do Without You (1:03)
Hex (1:23)
Grinding (0:55)
Formula 2 (1:35)
Silo Pass (1:20)
Higher (Skanky Remix) (1:23)
Wobble That Gut (1:48)
Telepathy (3:09)
Total Recall (1:31)
Fright Night (1:24)
Warp (1:21)
Higher (1:21)
Ain't Nobody (Breakage's Suck It Up Mix) (2:15)
480 BC (1:04)
Filth (1:37)
Displaced (2:15)
Source 16 (0:54)
More Funk (1:08)
Baby Girl (1:49)
Neon (1:05)
Firing Line (1:39)
Hangover (BaBaBa) (2:02)
Daim (0:27)
Hard (0:54)
Together (0:15)
Peace & Dub (1:31)
Raver (Shy’s Guinness Punch Mix) (2:17)
Pass The Dutchie (0:59)
Pass The Kouchie (2:18)
Grand Funk Hustle (1:44)
Turn Down The Lights (1:05)
One DJ (1:46)
Little Things (0:42)
Run Em Out (1:41)
Tear Down VIP (0:25)
Fighting Fire (DBridge Remix) (1:47)
Marka (1:03)
Jus' A Rascal (Soundboy Special) (1:04)
Hold You (Shy FX & Benny Page Digital Soundboy Remix) (1:22)
Headlock (1:23)
Original Nuttah (1:35)",fabriclive/2012 - FabricLive 63 - Digital Soundboy Soundsystem
3731484,Fabriclive 64,Oneman,"Electronic, Hip Hop","House, UK Garage, Electro, Bass Music, Ballroom, Grime",2012,"? (3:39)
Night Hunter (2:12)
Move Down Low VIP (2:16)
2020 (2:29)
Club Lonely (Dem 2 Lonely Vocal Mix) (3:12)
Gold Bricks, I See You (0:59)
Further (3:44)
Salsa (2:14)
Untitled (4:25)
The Ha Dub Rewerk'd (2:01)
Anytime (4:43)
Vector (0:59)
The Shrew Would Have Cushioned The Blow (3:28)
Feel Me (3:13)
Soul What VIP (3:14)
Red Alert (Steve Gurley Mix) (3:43)
Wut (Claude Vonstroke's Butt Naked Mix) (2:43)
Ellipsis (2:59)
Somebody Else’s Guy (Tuff Jam’s Classic Garage) (2:10)
Shawty VIP (0:48)
Something In Your Eyes (Underground Solution Mix) (2:29)
Switch (1:59)
Pulse Y Remix (2:03)
Etched Headplate (5:38)",fabriclive/2012 - FabricLive 64 - Oneman
3401938,Fabriclive 65,DJ Hazard,Electronic,Drum n Bass,2012,"Never The Same (2:07)
Progression (1:03)
Shock Time (1:03)
Vice Squad (2:06)
Fox Bite (1:03)
Buzzards (1:45)
Where You At (0:42)
Cherry Bomb (1:03)
Diplodocus (The Upbeats Remix) (1:24)
Time Tripping (1:24)
Air Guitar (1:03)
A Bunch Of Fives (1:24)
Mr Jungle (Hazard’s Exclusive VIP) (1:03)
Deeper Love (1:03)
Your Flex VIP (1:24)
Cool It Judy (0:43)
Engulfer (1:24)
Do Without You (1:24)
Ghetto Blaster (1:03)
Cheek Of It (1:24)
Ramblers (2:05)
Meen Time (1:25)
Tools Of The Trade (1:21)
All In (0:44)
It's A Secret (1:24)
Coming In Stealth (1:23)
Delinquent (1:03)
They're Not Human (1:45)
Untitled Monotron (1:45)
X-Groove (1:03)
Iron Fingers (1:03)
Unnatural Element VIP (1:03)
Mr Happy (DJ Hazard VIP) (1:24)
Watch Ya Teeth (1:03)
Sharade (1:03)
Squash Dem (1:03)
Signol Smoke (1:03)
Midnight Funk (1:24)
Cop Killa (1:03)
Let's Go (1:03)
Badman (1:03)
Gangster (1:03)
Falling Through (1:24)
Hand In Hand (1:45)
Reefa Tactics (1:03)
Red Note (1:45)
Foodfight VIP (1:45)
Droneheads (Octane & DLR Remix) (1:03)
Hypnotise (1:45)
Mark Q (2:28)",fabriclive/2012 - FabricLive 65 - Dj Hazard
4024399,Fabriclive 66,Daniel Avery,Electronic,"House, Deep House, Electro, Italo-Disco, Minimal, Techno",2012,"The Eagle (0:09)
Shake (4:48)
Kanal (Prins Thomas Sure Oppstøt) (1:35)
Touch Yourself (1:03)
Troubleman (3:56)
Need Electric (0:07)
Naïve Reception (3:56)
You Think You Think (5:52)
Supermoon (3:12)
Game Theory (4:12)
Effect Tweak (0:35)
Water Jump (7:32)
Something Borrowed (2:20)
Taste (1:02)
Elegant Mistakes (1:55)
Way Savvy (Gatto Fritto Remix) (8:06)
Libillule (Matt Walsh Remix) (2:37)
It's OK (Prince Club Remix) (5:34)
Girlz (4:33)
Dancing And Slaving (4:19)
Workshop 12 (A1) (0:43)
Dry Heat (4:25)
Sequoia (3:53)",fabriclive/2012 - FabricLive 66 - Daniel Avery
2511637,Fabriclive 67,Ben UFO,Electronic,"House, Deep House, Electro, Minimal, Techno, Dubstep",2013,"Before (Dub) (2:03)
Feelings (4:14)
Raw Code (1:52)
The Tortoise (Sex Tags Mania NYC Mix)  (2:10)
Zone  (2:23)
Twisted Balloon  (2:55)
It's OK  (2:22)
Project 5 (Untitled B1) (1:59)
Pendoulous  (4:43)
Consexual (3:39)
Club Thanz  (2:43)
Take Me Back (3:11)
Looser  (2:14)
Clutch  (0:58)
I'm Strong (Instrumental) (2:52)
Mukuba Special (2:58)
Zug Island  (3:19)
Ping  (2:49)
Bout Ready To Jak (Shake Remix)  (1:55)
Jovian Planet (3:19)
Malfunction (Despair)  (1:41)
Untitled  (2:21)
Perc  (2:41)
And Both His Sons (2:00)
Release  (3:17)
Studio Power On (2:50)
Danger (Locked Groove)  (0:49)
I.C.E. (Kuedo Remix) (2:06)",fabriclive/2013 - FabricLive 67 - Ben UFO
623703,Fabriclive 68,Calibre,Electronic,Drum n Bass,2013,"Intro (1:06)
Keep The Faith (4:45)
Clipper Man (2:12)
Yellow Shoes (Calibre Remix) (4:23)
She's On Fire (Calibre Remix) (3:18)
Emergency (Dub) (4:23)
Down Somehow (3:28)
Garden (Calibre Remix) (3:39)
Simple Things (2:50)
Away With Me (Calibre Remix) (4:07)
Refusal (Calibre Remix) (2:12)
Passing Time (4:45)
Notting Hill (2:12)
Inner Disbelief (5:51)
Hummer (2:12)
The Jackal (D-Bridge Remix) (2:45)
Fire & Water (3:06)
Justice Over Law (2:34)
Blazin (3:39)
Student Music (4:23)
Outro (1:49)",fabriclive/2013 - FabricLive 68 - Calibre
1339839,Fabriclive 69,Fake Blood,Electronic,"House, Techno",2013,"Lolita (Warehouse Mix) (3:10)
Hypnotize  (2:14)
Never Shaved  (1:23)
Transistor Rhythm (Tanka Remix)  (2:43)
Realness  (1:15)
Git Em (Zombies For Money Remix) (2:30)
Aftermath (2:31)
Softcore  (2:15)
Swerve Ball  (2:52)
Impact  (1:25)
Forgetfulness (Fake Blood Remix)  (4:25)
Night Terrors  (2:13)
Jam The Mace (2:00)
Painting My Fur (2:32)
Ima Read (Acapella)  ()
Dance To The Rhythm (1:53)
Limbs  (1:53)
Don't Like To Do That  (1:16)
War Drums  (2:43)
Onoria  (2:44)
Toss Them Bodies  (3:01)
Vision  (2:46)
White Screen  (2:31)
One Hour (2:28)
Pop? (Fake Blood Remix)  (3:45)
Bring It Back  (2:43)
Smoka (Douster Remix)  (1:56)
Phantom  (2:12)
Court Jester (Eats Everything Remix)  (1:59)
Wait A Minute  (3:03)
Mossing  (3:19)",fabriclive/2013 - FabricLive 69 - Fake Blood
4729713,Fabriclive 70,DJ Friction,Electronic,Drum n Bass,2013,"Understand VIP (0:43)
Swag (1:49)
Liberation (1:49)
Instrument (1:27)
One Step  ()
Mythos  (1:49)
Suddenly VIP  (1:27)
Signs (Calibre Mix) (1:49)
Bristol  (2:54)
Playing Games VIP  (2:10)
Another Star  (1:10)
You Can Dream  (2:27)
Still Waiting  (2:32)
Sphere  (1:49)
Biting Point  (2:32)
Intersection  (2:17)
Annie's Song (Original vs S.P.Y Mash-Up)  (2:54)
Keep Pushing Me  (2:10)
Searching (1:27)
Gravity (Lenzman Remix) (2:10)
Steam Train (2:11)
Cypher  ()
Dreadnaught VIP (2:10)
Timekeeper (1:49)
Jupiter (Mefjus Remix) (2:32)
Minimal Funk VIP (1:49)
Detroit  (1:49)
Anxious  (2:10)
Killa Bees (InsideInfo Remix) (1:49)
Horribly Ribbed VIP (1:49)
Lost Contact (2:10)
Time Tripping (2:10)
Desert Orgy VIP (5:41)
Diplodocus ()",fabriclive/2013 - FabricLive 70 - Friction
1975993,Fabriclive 71,DJ EZ,Electronic,"UK Garage, House, Grime",2013,"EZ Intro 7 (1:59)
No I Turn You On (Disclosure Remix – DJ EZ Special) (3:17)
Relax (1:52)
All I Do (Bump & Flex Dance Floor Dub) (1:38)
Hold On (1:38)
Little Man (Exemen Works) (2:06)
The Beginning (0:56)
Living Like I Do (Lil Silva Remix) (3:31)
Kamikazee (1:38)
Pull It (Fabian Dubz Remix) (2:35)
I Keep (1:00)
Hold On (SE22 Mix) (1:52)
Reach (1:52)
Live (2:35)
Destiny (2:19)
Let’s Go Back (2:22)
I Know You Want Me (1:52)
Afrocentrism (2:07)
Classified Bass (2:07)
Want You Back (1:53)
Javid Khan (3:03)
Messing Around (Wideboys Mix) (2:42)
You & Me (3:11)
Something In Your Eyes (2:50)
Dreams (2:37)
Control (2:37)
The Good Old Days (Kerri Chandler Instrumental) (1:55)
God Made Me Phunky (1:55)
Social Experiment (1:12)
Mellow Works (2:10)
Sincere (3:22)
Vultures (MJ Cole Remix) (6:34)",fabriclive/2013 - FabricLive 71 - Dj Ez
2511640,FabricLive 72,Boys Noize,Electronic,"Techno, House, Acid House, Breaks",2013,"Solid (2:41)
Starwin (2:33)
Pegasus (1:16)
Shout (2:02)
Warehouse (3:00)
Go On Girl (1:15)
Ghettocoder (1:44)
Femme Litre (1:29)
All Day (Robert Hood Remix) (2:29)
For These Times (2:14)
Meat & Dancing (1:59)
TFB (0:59)
Anoid (Demo Version) (3:28)
Selekta (Valentino Khan Remix) (1:15)
Chella Ride (3:21)
Tric Trac (1:28)
Kaiko (1:49)
Aufstand (1:59)
Luft (2:58)
Wall To Wall (1:44)
Pot (1:28)
Work This MF (0:53)
Motor (1:59)
The Compass (2:06)
Nothing But Pleasure (Boys Noize Pressure Fix) (2:36)
Andrea (1:29)
Maje (1:29)
XTC (The Chemical Brothers Remix) (6:13)
DTF DADT (Acapella) ()
Space Invaders Are Smoking Grass (2:36)
Goldfisch (2:44)
XTC (Acapella) ()
Arcadia (Boys Noize Reprise) (6:52)",fabriclive/2013 - FabricLive 72 - Boys Noize
2511643,Fabriclive 73,Pangaea,Electronic,Techno,2014,"Recreational Slumming (3:55)
Plos 97s (2:01)
Momentum (2:03)
Resolve (2:05)
Untitled B2 (3:25)
His Temple (3:11)
Romantic Self (2:41)
Untitled #5 (2:32)
Blunt Run (2:19)
Maum (1:56)
Sea (The Time Gate) (3:38)
Arcade (1:56)
Truth (1:56)
Refraction (4:22)
Starburst (5:05)
Osmium (4:09)
End Point (4:23)
Clean Neckline (1:47)
Something For Your Mind (Exposure Remix) (1:58)
37ml (2:55)
Bodega V2 (2:25)
I Wanna Dance... In Outer Space (3:38)
Disturbance (Pfirter Remix II) (3:24)
Crystal Pond (1:35)
PTR (3:23)
46 (Antaganists Mix) (2:24)
Near-Heart Object (Stanislav Tolkachev Heavy And Unusual Remix) (2:24)",fabriclive/2014 - FabricLive 73 - Pangaea
667439,Fabriclive 74,Jack Beats,Electronic,"Deep House, House, Disco, Tech House, Hip Hop, Techno, Electro",2014,"Beatbox (FabricLive Version) (4:03)
Requiem (2:19)
Street Walker (1:44)
Holding You Tight (Got Some Bump-in-the-Trunk Remix) (3:25)
Careless (4:07)
Landline (Jack Beats Remix) (4:14)
Trap Shit V13 (Justin Martin Remix) (1:33)
J.A.W.S. (2:34)
Doing It (2:30)
Round The Clock (Cause & Affect Remix)  (2:58)
Booty Bounce (1:09)
Knock You Down (Major Lazer Vs Jack Beats Remix) (4:00)
The Ill Shit (FabricLive Version) (2:59)
Ah Yeah (TJR Edit) (3:07)
Hyper Reality (2:45)
Let's Get Hot (2:47)
Just A Beat (3:02)
Free (Jack Beats Remix) (4:07)
Higher (Tommy Trash Remix) (2:43)
Daydreamer (Jack Beats Remix) (4:02)
Dazed (4:57)
Emmanuel (4:40)",fabriclive/2014 - FabricLive 74 - Jack Beats
694219,Fabriclive 75,Elijah & Skilliam,Electronic,"Dubstep, Grime",2014,"Intro (4:57)
Killer (2:22)
Stone Island (2:23)
Hold On VIP 3 (2:50)
Venture (1:24)
Sickman VIP Dubplate (1:52)
Mufasa (1:37)
Good Stay Bad (2:07)
I Know You Want Me (3:41)
Roll Call (1:46)
H-Street (138 Mix) ()
Jack Up The Tune (3:01)
666 Sauna (1:22)
Disturbed 2.0 (2:17)
Into Mist (3:10)
Hit Him (Butterz Dubplate) (2:18)
Integrity (1:49)
Let It Be Known (2:44)
Twinkle (3:11)
Born In The Cold (1:50)
Keep It Cool (1:48)
Two Faced (1:51)
Pull It Up (2:44)
Home VIP (Moony Remix) (2:17)
Outro (4:54)",fabriclive/2014 - FabricLive 75 - Elijah & Skilliam
736601,Fabriclive 76,Calyx & Teebee,Electronic,Drum n Bass,2014,"Kingpin (Calyx & Teebee Remix) (3:32)
Revenge (1:06)
Skank (2:13)
Compulsive (2:13)
2098 (1:29)
Instant (1:51)
Human Reptile (Calyx & Teebee Remix) (1:51)
Duck For Cover (1:51)
Slimeville (1:29)
Shadow Boxing (Om Unit Remix) (1:51)
Pure Gold (3:32)
Riot VIP (1:29)
Pale Blue Dot (1:51)
Demolisher (1:51)
Solaris VIP (2:14)
Kill Dem (1:51)
Here (Calyx & Teebee Remix) (2:13)
We've Only Just Begun (Calyx & Teebee Remix) (1:51)
Tempted (2:13)
Hyenas (1:51)
New Drums VIP (2:58)
Time (2:36)
Break It All Apart (Break Remix) (1:29)
New Design (1:51)
Strung Out VIP (1:29)
Five Black Forms (Hybris Remix) (1:29)
Local 2 (1:51)
Hands Up (1:29)
Salford John (Dub Phizix Remix) (2:02)
The Shining (Ed Rush & Optical Remix) (2:02)
Off World (1:51)
Surface Noise (1:51)
Star Trails (1:51)
Elevate This Sound (2:23)",fabriclive/2014 - FabricLive 76 - Calyx & TeeBee
6077028,Fabriclive 77,Erol Alkan,Electronic,"Deep House, House, Disco, Tech House, Electro, Acid House, Techno, Synth-pop",2014,"Sofa Love (Jamie Paton Remix) (4:32)
We Got The Box (2:56)
Talento Matemático (2:19)
RMI Is All I Want (Erol Alkan's Extended Rework) (4:40)
Square Lights (Zongamin Remix Take 2) (3:17)
Acid On (2:36)
Sub Conscious (6:06)
Trommer Og Bass (5:02)
Through Me (4:24)
Jack2000 (2:07)
How You Want It (Shan's Warehouse Version) (3:02)
Acido (3:42)
Bang (1:32)
K3M (1:47)
Put Your Weight On It (Chicago Mix) (2:46)
From White To Red (4:42)
Tone (2:55)
Red Smoke (6:45)
Supersonic Transport (4:00)
A Hold On Love (7:12)
Only Love Can Break Your Heart ()",fabriclive/2014 - FabricLive 77 - Erol Alkan
854850,Fabriclive 78,Illum Sphere,"Electronic, Reggae","Roots Reggae, Electro, Techno, Dancehall, Synth-pop, Minimal, House, Experimental, Dub Techno",2014,"Sein Und Schein (3:18)
Now You're Gone (Version) (1:47)
Dungeness (2:20)
Fizz (3:22)
Danger (Version) (2:23)
Sein Und Schein (0:45)
Harry Batasuna (3:16)
Ooze (3:40)
Film 2 (2:16)
H.S.T.A. (2:40)
Speechless Tape (3:07)
Bout Ready To Jak (TNT's Acid Mix) (2:41)
Who Raised These People? (3:08)
On The Tiger Train (2:34)
Workshop 19 (B3) (2:15)
Repository Of Light (2:44)
Oochie Coo (4:18)
Pump The Move (Kenny Larkin Mix) (3:00)
Desolate Cities (3:21)
Thought Part 1 (1:46)
Gershwin (3:15)
Bullet (3:53)
Cast Reflections (2:41)
What's There Left (5:24)",fabriclive/2014 - FabricLive 78 - Illum Sphere
854322,Fabriclive 79,Jimmy Edgar,Electronic,"House, Deep House, Techno",2015,"The Electric (1:49)
Power Top (4:10)
Raw Fusion (3:40)
Hard Drive ()
Let It All Out (3:40)
Submission (3:54)
Tik Tok (4:30)
EEEwalk (3:41)
RS2000 (3:57)
Work It (4:13)
Fern Portal (5:01)
Walk Show (3:57)
Feel So Free (4:14)
Ready2Go (3:18)
Another Freaks (2:15)
Be With Me (5:42)
Uranus 444 (Side A) (3:11)
Atlantiz (5:51)
Uranus 333 (Side B) (5:37)",fabriclive/2015 - FabricLive 79 - Jimmy Edgar
2045758,Fabriclive 80,Mumdance,Electronic,"Grime, Techno, Dubstep, Abstract, Bassline, Experimental, UK Garage, IDM, Hardcore",2015,"Travels In The Universe Of The Soul (1:53)
Ninety-Nine (Remix For Mumdance) (1:29)
Untitled (2:43)
Branch Light (2:21)
Fabrication II (2:23)
Testsix (Toneappella) (1:57)
Cemetery Seance (2:59)
Glass (1:46)
Water Bomb (2:29)
Doff (VIP) (1:57)
No Signal (3:02)
Hall Of Mirrors (2:12)
In Reverse PIV (4:40)
Cold (3:27)
Outerzone (1:46)
Piano In The Corner Of The Room (1:31)
Rushed (3:22)
Inside The Catacomb (2:31)
Choong (Devil Mix) (1:07)
1 Sec (Fabriclive VIP) (2:17)
Take Time VIP (2:44)
Coalition (2:43)
Kamikaze (2:58)
Blow Out Part II (3:27)
In Complete Darkness (2:53)
Six Days (2:13)
The Journey Part 1 (4:56)",fabriclive/2015 - FabricLive 80 - Mumdance
6999627,Fabriclive 81,Monki,Electronic,"Deep House, Techno",2015,"Rich In Paradise (Going Back To My Roots) (2:47)
Vex (1:27)
Stop (Strip Steve Remix) (3:10)
My Day Has Come (DJ Dealer Prime Time Vocal) (4:08)
I Can Feel It (3:11)
Guess Who (2:35)
Bang (2:58)
Cowbell (2:43)
Angorra (2:30)
Gabryelle (5:31)
It's You (San Soda's Panorama Bar Acca Version) (3:49)
Pride (Dub) ()
A Lo Mejor (2:56)
Baby, Baby (4:15)
Helta Skelta (3:08)
Infected Ear (3:03)
Do You Rex (3:02)
Rude & Deadly (3:19)
Fallacy (2:47)
Zulu Carnival (1:46)
Telo (Sudanim Remix) (4:56)
Las Caderas (4:10)
Kinetic (Frank de Wulf Remix) (5:24)",fabriclive/2015 - FabricLive 81 - Monki
2045755,Fabriclive 82,Ed Rush & Optical,Electronic,Drum n Bass,2015,"Shape The Random (0:16)
Chubrub (2:17)
Full Force (2:11)
Dive Bomb (2:22)
Incessant (1:16)
Scarabs VIP (1:05)
Headroom (Audio VIP) (1:05)
The Host (3:28)
Loner (1:27)
Clockout (2:11)
Until The World Ends (2:33)
Saus (1:49)
Whip Slap (2:08)
Straight To Bad (2:14)
Know Your Place (2:33)
Stamp Out (1:27)
Surrounded (3:39)
Influx (1:27)
Purge (1:27)
Insomnia (1:27)
Heads Up VIP (1:27)
Reptilians (1:05)
Badass (1:16)
Aztek (1:49)
Watermelon (1:38)
Shaman VIP (1:38)
I Need More (2:11)
The Infection (1:49)
Messiah (Noisia Remix) (1:33)
Collision (2:06)
Drama (Neonlight Remix) (1:27)
Acid Test (1:25)
Inside Out (1:30)
Never Stop (1:14)
Stompbox (Spor Remix) (1:16)
The Turnover (1:16)
Stutter (2:00)
Footprint (1:05)
Jack Nicholson (1:55)",fabriclive/2015 - FabricLive 82 - Ed Rush & Optical
909014,Fabriclive. 83,Logan Sama,Electronic,"Drum n Bass, Grime",2015,"Sweep The Floor (2:17)
Brake Light (2:17)
Fabric (1:49)
Rifts (2:03)
Xcxd Bxmb (3:25)
The Return (2:30)
War Lord (2:30)
Farda (2:44)
Final Stage (6:34)
Waterden Road (2:06)
3rd Eye (2:44)
Cookie Monster (2:58)
Crud (2:17)
Bucktown (2:58)
Contender (2:44)
Launchpad (4:06)
Ambush (3:25)
West London (2:17)
Crash Bandicoot (3:10)
Do One You Mug (1:51)
Kestra (2:17)
Swear Down (2:58)
Santa's Last Christmas (3:39)
Constructive Mayhem (4:24)",fabriclive/2015 - FabricLive 83 - Logan Sama
1982773,Fabriclive 84,Dub Phizix,Electronic,Drum n Bass,2015,"Break The Chains (4:56)
Who Are You? (0:44)
Muted (1:07)
Sklep (1:11)
Contact (1:05)
WLTB (1:07)
Dummeh (1:28)
Ooh Ahh (Acapella) ()
Backslang (1:28)
Zouk In The Souk (0:44)
Buffalo (Dub Phizix Mix) (1:50)
Bill Roach (1:05)
Lvl 09 (1:50)
Tundra (1:06)
Dun Dem (1:28)
Fairlady (1:28)
Gaana (1:28)
Bounce (1:39)
Champion Sound (1:39)
Tweeker (1:50)
Bounce (2:28)
Gyal Town (1:55)
Sueno (1:06)
Atlanta (2:56)
Tic Tac (1:06)
Doberman (Acapella) ()
Bugs (1:28)
Ossibisa (1:04)
Jus' A Nuvver Divvy (1:29)
Restless Leg Syndrome (0:44)
Smokey Hot Biscuits (2:11)
Stop Talk (0:39)
Mr Song (1:28)
Throwback Therapy (0:55)
8Barr (0:46)
Hooligan Plague (1:26)
Marka (Fabric VIP Acapella) ()
Count To Ten (VIP) (0:44)
Meatallic (0:44)
Never Been (2:12)
Control Of People (2:12)
Rainy City Music (2:33)
What's Next? (7:54)",fabriclive/2015 - FabricLive 84 - Dub Phizix
1001113,Fabriclive 85,Jesse Rose,Electronic,"Tech House, House, Deep House",2016,"Love The Feeling High (Acapella) (0:54)
Leave My Head Alone Brain (Mix 5) (3:59)
White Flakes (3:24)
Believer (7:14)
For Sunking (Melon's Sex Strip Mix) (1:32)
At That Place (Lilmukkappella) ()
Alright (Gerd Deep Mix) (4:50)
Don't You Be Afraid (2015 Edit) (4:28)
Where It's At (Johnny Aux Remix) (4:06)
The Right Way (4:23)
Papillion (2:58)
Rawtone (Staygold Remix) (4:15)
Touch 'N' Tease (Dub) (2:58)
Malabar (3:52)
Canto Della Liberta (Acapella) ()
Another Day (2:03)
How About No (2:31)
Bare Mountain (3:23)
The Way U Like (3:21)
Sin City (5:32)
It's Not Over (Synthapella) (3:07)
The Word Is Love (6:54)",fabriclive/2016 - FabricLive 85 - Jesse Rose
1084097,Fabriclive 86,My Nu Leng,Electronic,"House, Techno, UK Garage, Dubstep, Grime",2016,"Ruins (3:04)
Shelter (1:58)
Scylla (1:28)
Cheatin (2:27)
The Ghost VIP (2:42)
Beat On The Drums (2:25)
Soul Shake (1:30)
Horizons (2:28)
Stealth (0:59)
Machines (2:39)
Pushed VIP (2:35)
Número Uno (2:27)
She Knows (2:27)
Anytime (Tuff & Jam's Kick Dub) (2:12)
NRG (1:39)
Cannon (Dismantle's VIP) (1:47)
Ice Cold (2:43)
Keep On (1:31)
Convo (4:04)
Bring (2:31)
Icarus (1:58)
Certain Beat (1:43)
Square Root (0:59)
Y.E.A.H. (2:42)
Ballin (Dr Cryptic Funky Roller Mix) (1:43)
Set It VIP (1:43)
Massive & Crew (1:43)
Messy (1:55)
Girl From Codeine City (1:53)
Tomorrow's World (Indigo Remix) (3:10)",fabriclive/2016 - FabricLive 86 - My Nu Leng
1054671,Fabriclive 87,Groove Armada,Electronic,"House, Deep House, Tech House, Dub Techno",2016,"The Soul Part II (4:05)
Don't Leave (Instrumental Dub) (1:21)
Sand (Move D Remix) (4:15)
On Your Knees (2:43)
Moments In House (Full Effect Mix - DJ T. Edit) (2:15)
One For Pidge (2:47)
Edging (2:15)
One More Time (Onno Remix) (2:47)
Untitled A1 (3:11)
Your Love (Steve O'Sullivan Remix) (2:38)
Incredible Shellsuit (1:50)
Can I Get Some (2:37)
Plush (Dixon Re-Dub) (1:18)
Move On (Hollis P Monroe & Wrong Jeremy Mix) (4:27)
516 Acid (Chicken Lips Acido Ze Boogie Remix) (2:21)
We Made It Out The Hood Ma (1:50)
Convolution (1:42)
Shake (2:21)
Let It Go (2:29)
Prey (Fred Everything Re-Beat) (0:47)
Favourite Addiction (Groove Armada's Dub Creation) (1:18)
Intrerstellar Cake (Richy Ahmed Remix) ()
Cielo (Bicep Remix II) (3:20)
Can Your Love Find Its Way (4:34)
Stevie Latenight (3:36)
Starfight (0:41)
On The Run (DJ Kaos &Me Remix) (5:27)",fabriclive/2016 - FabricLive 87 - Groove Armada
1039882,Fabriclive 88,Flava D,Electronic,"House, UK Garage, Dubstep, Grime",2016,"Intro (5:01)
Whistler (2:26)
Conflict (2:25)
Dem Tings Dere (1:49)
Gunshot (1:49)
Closer (1:56)
Bleeding (3:08)
Crooks VIP (2:27)
Wheels (1:40)
Like This (1:55)
Flavor (2:23)
Hold On (2:23)
What I Like (DJ Q Remix) (2:23)
Soul Shake (2:51)
Mad Ting (Flava D Remix) (2:22)
Gun Down (2:50)
Revenge (1:56)
Changed My Way (1:40)
Glow (1:55)
Happy (3:01)
Section Request (3:20)
Dollar Sign (Juicy Patty Riddim) (1:40)
In The Dance VIP (2:37)
Off The Chain (1:26)
Kill Alla Dem (3:08)
To My Heart (3:38)
Clarity (1:55)
Motions (3:50)
Only One (2:53)
Searching (3:32)",fabriclive/2016 - FabricLive 88 - Flava D
1366512,Fabriclive 89,Hannah Wants,Electronic,"House, Techno, Dubstep, Tech House",2016,"Lookalike (2:57)
Solitary Nights (6:08)
Need Me (3:19)
Feeling High (3:19)
Alone With The Bitch (4:36)
Just (Original Mix) (4:05)
Bump Track (3:38)
Err (3:44)
Irreversible (Leftwing & Kody Remix) (3:36)
Found The Ground (4:05)
Flip Side (3:58)
Hidden Love (5:22)
The Substance (Original Mix) (4:09)
Ambush (2:41)
Dreamers Vip (4:47)
Who's Afraid Of Detroit (10 Year Anniversary Mix) (2:37)
Boost (4:05)
Disco Gnome (Tale Of Us Remix) (3:04)
Cold Nites (3:10)",fabriclive/2016 - FabricLive 89 - Hannah Wants
1092384,Fabriclive 90,"Kahn, Neek",Electronic,"Dubstep, Grime, Bassline",2016,"Thin Joe (2:13)
BwoyTest VIP (3:38)
Nuke The Threat (3:10)
Shaitan (1:54)
Polar (Gantz Remix) (2:41)
Rules Of The Dance (JD Remix) (2:57)
Walkin’ Round Ere (2:45)
Temple Meads (2:16)
Highest VIP (3:12)
LVX93 (1:49)
Send Out (2:18)
Hot It Up (Kahn & Neek Remix) (2:57)
Juice (2:30)
Shallow Breath (2:30)
Ram Dance Dub (3:39)
Fuckaz (3:55)
Bongo (Kahn & Neek Remix) (3:12)
Acting The Goat (2:17)
The Set Up (2:17)
Scorpion’s Mask (2:17)
We A Talk (Ishan Sound Remix) (3:08)
No Long Talk (Kahn & Neek Remix) (3:01)
S Is For Snakes (2:44)
Damascus (1:36)
Hungry Ghosts (0:39)
Dial Tone (1:22)
Topper Top (Kahn & Neek Remix) (3:26)
Ghost Town (4:02)",fabriclive/2016 - FabricLive 90 - Kahn & Neek
2042956,Fabriclive 91,Special Request,Electronic,"Techno, Dubstep, Ambient, Experimental, Electro, Drum n Bass, Jungle",2017,"UK74R1619170 (0:56)
Telepathic Dog (2:35)
Cordialatron (3:29)
Solitude (2:59)
The Lift (0:14)
Psychic Vampires (1:59)
Peace Of Mind (2:43)
Audax Powder (2:33)
Desires Are Reminiscences By Now (0:38)
No More (3:16)
Frostbite (2:26)
Obsession BTZ (0:29)
See You Tomorrow (2:11)
Redrum (Thrash Mix) (3:54)
Aquilae (1:38)
The True Knot (1:57)
Atomic Layers (1:25)
Enlightenment (3:22)
Deadly Deep Subs (Remix) (2015 Re-master) (3:49)
Turtle Break (3:58)
Replicant (3:25)
Thunder (4:10)
Stairfoot Lane Bunker (3:10)
Monkeys (DJ Future & Eric Electric VIP) (2:19)
Stereo Music For Serge Modular Part Two (3:04)
Adrenaline (2016 Edit) (3:44)
(Event #4) (0:51)
Omertà (0:13)
Technoloambient (Max Dub) (1:32)
Desires Are Reminiscences By Now (4:44)",fabriclive/2017 - FabricLive 91 - Special Request
2041159,Fabriclive 92,Preditah,Electronic,"Grime, UK Garage",2017,"Selecta (5:22)
Up On You (3:55)
Hitter (3:58)
Goblin (3:11)
Exotic Juice (3:34)
Cave Explorer (2:40)
He Said (2:14)
Breathe (2:23)
Mad Ting (Flava D Mix) (2:08)
They Don't Know (1:53)
Squares (1:38)
Pasta (1:50)
Touch Road (2:01)
Lemon Trees (2:02)
Caveman (2:04)
It's Time (1:22)
She Wants A Man From Brum (1:36)
Tango (1:36)
Back With A Banger (1:21)
Lyrics (1:22)
Fee Em To The Lions (1:49)
Don't Play (1:08)
Fruit Burst (1:22)
Topper Top (1:49)
Guiness Punch (1:22)
Class A (1:49)
Circles (Evil VIP) (1:35)
Godzilla (1:08)
Total (1:34)
You Can Be (3:00)
Mad Max (2:30)
Midnight (4:13)",fabriclive/2017 - FabricLive 92 - Preditah
1494699,Fabriclive 93,Daphni,Electronic,"House, Leftfield, Techno, Experimental",2017,"Face To Face (3:46)
Xing Tian (3:29)
Carry On (2:05)
FUTURISM (Daphni Edit) (0:47)
Poly (2:28)
Ten Thousand (4:29)
Medellin (3:05)
Hey Drum (5:01)
You Can Be A Star (Daphni Edit) (4:15)
Try (1:43)
Vikram (1:02)
3 In 1 (Daphni Edit) (2:11)
Listen Up (2:42)
Tin (2:46)
Moshi (1:32)
Strange Bird (0:36)
Dissolve (Daphni Edit) (1:43)
Joli Mai (1:58)
Nocturne (4:07)
So It Seems (4:21)
Screaming Man Baby (1:40)
vs (2:19)
The Truth (3:27)
406.42 ppm (3:28)
Always There (2:56)
Fly Away (2:01)
Life's What You Make It (3:47)",fabriclive/2017 - FabricLive 93 - Daphni
2045740,Fabriclive 94,Midland,Electronic,"Abstract, Minimal Techno, House, Electro, Techno, Deep House, Experimental, Ambient",2017,"Pey Woman (2:30)
Mental Marathon (2:35)
Silence (Before Birth) (2:37)
Monday Mellow (5:27)
Vulture (2:45)
Demented Drums (3:58)
Shoulders Back (4:36)
Warm And Dewy (3:29)
Lockhead (1:51)
Halfway (2:45)
Track #3 (2:55)
City Lights (Mr Hazeltine Remix Feat. Divine Styler) (4:30)
Mukashi (2:13)
Ultra Schall (3:26)
Pea Soup (2:48)
Run, Don't Play Dead (2:54)
XXX (2:03)
Road To Rio B1 (3:00)
Amour! (Sankt Göran Stum Edit) (3:08)
Distant Transmission (3:39)
Free Access Zone 2 (3:20)
Deep Felt Music (3:00)
When I Was Young (1:29)
First Tube (3:29)",fabriclive/2017 - FabricLive 94 - Midland
2045764,Fabriclive 95,Mefjus,Electronic,Drum n Bass,2017,"Decypher (3:21)
Far Too Close (4:26)
Mirage (1:29)
Clusterfunk (1:29)
Conversion (2:13)
Mandala (Malux Remix) (2:36)
Sunday Crunk (Mefjus Remix) (1:27)
Malmaison (1:30)
Leibniz (2:13)
Flashizm VIP (1:29)
Swerve (2:13)
Chaos Theory (2:36)
Continuous VIP (1:40)
Disrupted VIP (1:51)
Exavolt (Mefjus Remix) (2:13)
Saturate (3:20)
Dissuade (Emperor Remix) (2:13)
Senescence (2:36)
Wastemen (1:51)
Saus VIP (2:13)
Decisions (2:13)
Blitz (2:13)
Suicide Bassline VIP (2:13)
Mythos VIP (2:57)
Surrounded (2:37)
Untitled (Dub) (1:40)
Stutter (2:25)
SMPL (Mefjus Remix) (3:43)
Sanity Check (3:16)",fabriclive/2017 - FabricLive 95 - Mefjus
2045761,Fabriclive 96,Skream,Electronic,"Experimental, House, Deep House, Techno, Electro",2018,"Ashrams (4:01)
Peace Moves (4:30)
Sounds Of A Different Colour (Kincaid & Sinàl's Remix) (6:26)
Yonqui (4:10)
Jack The Bass (5:38)
An Ode To Mr. Smith (3:14)
Untitled B2 (3:52)
Made Up My Mind (4:44)
Screaming Hands (Tuff City Kids 'Krautdrums' Mix) (8:59)
MZ (4:52)
Lies (6:00)
They Are Controlled Pt. 1 (3:28)
Agraphobia (Original Mix/ 2015 Re-mastered Version) (8:27)
SDN (7:17)",fabriclive/2018 - FabricLive 96 - Skream
2044315,Fabriclive 97,Holy Goof,Electronic,"Grime, UK Garage, Bassline",2018,"Dope Slinger (VIP) (2:43)
No Love (Taiki Nulight Remix) (1:27)
Gammy Elbow (VIP) (2:29)
24 Hours (1:57)
Arrival (3:10)
Push It (1:55)
Talk (2:24)
Weapon (2:55)
All About Paper (2:38)
Shutdown (2:26)
Runnin' It Red (1:56)
Who Remembers (2:40)
Harder (VIP) (2:53)
The Beginning (2:38)
Eyes On You (VIP) (2:38)
Vex (2:21)
Lighter Crew (1:55)
Could This Be (2:48)
Everybody's Free (VIP) (3:30)
Goes Like (VIP) (1:26)
Be Mine (2:49)
Shaolin (1:38)
What's Going On (Pelikann Remix) (1:35)
Chinatown (2:24)
Turn It Around (1:39)
Wanna Be Me (1:10)
Senses (3:16)
Mad Night (2:59)
Feelin' (3:57)
Untitled M8 (1:52)
Reflection (4:37)",fabriclive/2018 - FabricLive 97 - Holy Goof
1573065,Fabriclive 98,Dimension,Electronic,"Drum n Bass, Jungle",2018,"Intro / Pull Me Under (1:29)
Rush Connection (0:44)
Cause & Effect (Calyx & Teebee Remix) (0:39)
Pale Blue Dot (VIP Mix) (0:07)
Jet Black (VIP Mix) (1:49)
Skank (VIP Mix) (1:22)
Uh Huh (VIP Mix) (0:27)
No Problem (VIP Mix) (2:30)
Whip Slap (VIP Mix) (1:28)
Beg & Borrow (2:35)
Bunker (0:06)
Witchdoctor (0:17)
Sawn Off (Dimension Edit) (1:06)
Techno (2:34)
4URGH (1:06)
Lower Frequencies (1:34)
Fatso (1:23)
Love To Me (VIP Mix) (2:12)
Jungle Cats (1:27)
Generator (1:02)
Circadian (0:55)
Tribes (1:45)
UK (VIP) (2:45)
UK (Skrillex Edit) (0:36)
Soul Shake (1991 VIP Remix) (0:33)
Raver (1:28)
Ascension (1:50)
Low Blow (VIP Mix) (1:26)
Friday (0:25)
Cylon (0:55)
Stomp (1:06)
I Want You (1991 Remix) (0:55)
 If We Ever (1:50)
Beautiful Lies (0:19)
User (1:09)
Just A Thought (2018 Mix) (1:06)
Ultraviolet (1:06)
Avarita (Dimension Remix) (1:28)
Is It Worth It (VIP Mix) (1:28)
Deep Space (1:28)
Directions (2:23)
Rush (0:33)
Afterglow (1:28)
We Are The People (Sub Focus Remix) (1:50)
Automatik (2:34)
Shag (VIP Mix) (0:19)
The Invaderz (VIP Mix) (0:46)
Want My Love (0:45)
All Crew [Self-Relase] (1:28)
Breathe In (0:44)
Be True (0:06)
X-Ray (Metrik Remix) (1:26)
Pump (Dimension Edit) (0:12)
International (Dimension Remix) (1:13)
Infinity Plus 1 (0:06)
Up All Night (2:07)
Ingrid Is A Hybrid (Metrik Remix) (3:51)",fabriclive/2018 - FabricLive 98 - Dimension
2044318,Fabriclive 99,DJ Q,Electronic,"UK Garage, Grime, Bassline, House",2018,"FABRICLIVE Intro (0:59)
Time To Shine (2:51)
Badbwoy Sound (2:44)
Gag Reflex (2:26)
My Heart (VIP) (2:41)
Take A Look (2:37)
Alliance (2:08)
Our Sound (VIP) (2:26)
What I'm Like (3:20)
Danger (VIP) (2:44)
Diva (2:44)
Chances (2:19)
I'm Sorry (2:41)
All Mine (2:08)
Round & Round (3:34)
Dirty Deeds (Claybrook Remix) (2:51)
Stingray (1:41)
I Will Never Leave (Renkin Style Remix) (3:06)
Fire (DJ Q 4x4 Mix) (1:54)
Without You (DJ Q VIP Special) (1:54)
I Fall (2:23)
Badman (VIP) (Shollen Quarshie Remix) (2:08)
Superwoman (DJ Q & Jack Junior Remix) (2:37)
Bu Da Bup (1:54)
Notice Me (VIP) (2:37)
Sprinter (2:23)
Connecta (DJ Q Remix) (1:54)
Walk Out Gyal (DJ Q Remix) (2:08)
Come Right (VIP) (1:54)
A Letter To EZ (VIP) (Shollen Quarshie Remix) (1:54)
Over There (TuffCulture Remix) (2:48)
Completion (3:14)",fabriclive/2018 - FabricLive 99 - DJ Q
1444444,Fabriclive 100,"Kode9, Burial","Electronic, Classical","Grime, Breakbeat, Hardcore, Contemporary, Acid, Glitch, House, Juke, Techno, Jungle, Ambient, Gqom",2018,"Untitled (0:46)
Hurry (1:06)
Magnetic (1:20)
Deaths Effect (2:46)
Triple Beat (1:31)
Skim Skam (DBN Dance) (1:44)
Konvoy (1:28)
Agua y Puerta (0:29)
Black Pepper (Tzusing Remix) (1:32)
I Can Complete You (3:22)
B9 (0:55)
Underwater Fireworks (2:48)
Rainbow Voice (0:52)
Drug Me (4:42)
Black Acid (3:48)
Otan Osaa (1:20)
Make Me Hot (2:06)
Spy (Kode9 Remix) (1:12)
Pink 33 (DJ Phil Remix) (2:17)
A House Hybrid (1:54)
Baby (1:53)
Let It Go (1:29)
Fallen (2:44)
The Quickening (3:03)
Polyphonic Raid (3:10)
The Opening (3:08)
Metamesonyxtia Narkogyra (2:02)
The Lift (1:49)
Junior's Tune (Digital Remix) (3:33)
Treasure Erasure (2:26)
Ionia (Jlin Remix) (0:43)
Nu Summer Shit (1:57)
Prolific Deamons ()
Solar Feelings (Claude Young's Kyoto Soul Dub) (2:11)
Dishwashing (1:59)
Brujeria (1:36)
A Hammond Jam (1:35)
Wicked'Bu (2:31)",fabriclive/2018 - FabricLive 100 - Kode9 & Burial
